"","latitude","longitude","bright_ti4","scan","track","acq_date","acq_time","satellite","instrument","confidence","version","bright_ti5","frp","daynight","type","Year","Month","Quarter"
"1",53.63343,-0.244545,302.79,0.55,0.43,2020-10-01,"0142","N","VIIRS","n",1,284.9,1.92,"0",2,2020,10,4
"2",53.570129,-0.596173,308.66,0.56,0.43,2020-10-01,"0142","N","VIIRS","n",1,282.43,2.18,"0",3,2020,10,4
"3",53.588276,-0.617918,307.51,0.56,0.43,2020-10-01,"0142","N","VIIRS","n",1,283.23,2.08,"0",3,2020,10,4
"4",53.566917,-0.605828,301.26,0.56,0.43,2020-10-01,"0142","N","VIIRS","n",1,281.15,2.18,"0",3,2020,10,4
"5",51.683853,-5.029212,298.8,0.54,0.51,2020-10-01,"0142","N","VIIRS","n",1,284.68,1.61,"0",2,2020,10,4
"6",53.566158,-0.597191,330.84,0.56,0.43,2020-10-01,"0142","N","VIIRS","n",1,283.43,2.18,"0",3,2020,10,4
"7",53.45747,-1.315862,303.13,0.38,0.58,2020-10-01,"0318","N","VIIRS","n",1,279.26,0.71,"0",0,2020,10,4
"8",53.454716,-1.318573,303.62,0.38,0.58,2020-10-01,"0318","N","VIIRS","n",1,279.47,0.83,"0",2,2020,10,4
"9",53.446194,-1.319446,295.4,0.38,0.59,2020-10-01,"0318","N","VIIRS","n",1,279.06,0.53,"0",0,2020,10,4
"10",53.635174,-0.238637,296,0.41,0.6,2020-10-01,"0318","N","VIIRS","n",1,280.89,1.11,"0",2,2020,10,4
"11",51.568043,-3.768984,304.67,0.35,0.57,2020-10-01,"0324","N","VIIRS","n",1,280.91,0.81,"0",2,2020,10,4
"12",51.569496,-3.77375,299.43,0.35,0.57,2020-10-01,"0324","N","VIIRS","n",1,280.98,1.46,"0",2,2020,10,4
"13",51.572834,-3.765213,296.08,0.35,0.57,2020-10-01,"0324","N","VIIRS","n",1,279.51,0.81,"0",2,2020,10,4
"14",51.566597,-3.764222,302.91,0.35,0.57,2020-10-01,"0324","N","VIIRS","n",1,281.14,0.81,"0",2,2020,10,4
"15",53.56546,-0.593219,332.72,0.39,0.44,2020-10-01,"1312","N","VIIRS","n",1,287.73,2.84,"1",3,2020,10,4
"16",53.569,-0.599961,337.21,0.39,0.44,2020-10-01,"1312","N","VIIRS","n",1,290.9,2.84,"1",3,2020,10,4
"17",53.5695,-0.594102,330.67,0.39,0.44,2020-10-01,"1312","N","VIIRS","n",1,288.67,2.84,"1",3,2020,10,4
"18",54.10434,-3.183453,300.69,0.37,0.58,2020-10-02,"0124","N","VIIRS","n",1,275.16,0.76,"0",0,2020,10,4
"19",54.580708,-1.108342,308.85,0.61,0.54,2020-10-02,"0124","N","VIIRS","n",1,273.51,1.51,"0",0,2020,10,4
"20",53.568348,-0.604247,310.94,0.53,0.5,2020-10-02,"0300","N","VIIRS","n",1,265.99,1.8,"0",3,2020,10,4
"21",53.634239,-0.249085,295.65,0.55,0.51,2020-10-02,"0300","N","VIIRS","n",1,281.88,2.03,"0",2,2020,10,4
"22",53.632084,-0.241364,301.19,0.55,0.51,2020-10-02,"0300","N","VIIRS","n",1,279.64,1.3,"0",0,2020,10,4
"23",53.566296,-0.596852,297.84,0.53,0.5,2020-10-02,"0300","N","VIIRS","n",1,264.36,0.83,"0",2,2020,10,4
"24",53.568604,-0.597629,310.03,0.41,0.37,2020-10-04,"0224","N","VIIRS","n",1,281.13,2.1,"0",3,2020,10,4
"25",53.632797,-0.245092,310.74,0.41,0.37,2020-10-04,"0224","N","VIIRS","n",1,284.81,1.52,"0",2,2020,10,4
"26",53.567501,-0.591666,309.34,0.41,0.37,2020-10-04,"0224","N","VIIRS","n",1,280.7,1.34,"0",2,2020,10,4
"27",53.565304,-0.599357,328.16,0.41,0.37,2020-10-04,"0224","N","VIIRS","n",1,280.94,2.1,"0",3,2020,10,4
"28",56.096584,-3.304722,351.57,0.5,0.41,2020-10-04,"1212","N","VIIRS","n",1,289.42,9.33,"1",2,2020,10,4
"29",53.566563,-0.594774,336.74,0.47,0.4,2020-10-04,"1212","N","VIIRS","n",1,286.7,6.14,"1",2,2020,10,4
"30",53.570053,-0.596848,326.12,0.47,0.4,2020-10-04,"1212","N","VIIRS","n",1,288.3,3.44,"1",3,2020,10,4
"31",56.100121,-3.307234,344.41,0.5,0.41,2020-10-04,"1212","N","VIIRS","n",1,283.77,9.33,"1",2,2020,10,4
"32",53.56329,-0.598651,328.28,0.54,0.68,2020-10-04,"1354","N","VIIRS","n",1,283.46,3.49,"1",2,2020,10,4
"33",51.398907,-3.396123,297.53,0.42,0.38,2020-10-05,"0206","N","VIIRS","n",1,280.05,0.38,"0",2,2020,10,4
"34",50.771004,-1.668243,304.81,0.39,0.36,2020-10-05,"0206","N","VIIRS","n",1,280.18,0.82,"0",0,2020,10,4
"35",50.774296,-1.667047,323.57,0.39,0.36,2020-10-05,"0206","N","VIIRS","n",1,280.68,1.46,"0",0,2020,10,4
"36",51.572281,-3.76874,298.43,0.43,0.38,2020-10-05,"0206","N","VIIRS","n",1,279.1,1.24,"0",2,2020,10,4
"37",51.577251,-3.77997,306.27,0.43,0.38,2020-10-05,"0206","N","VIIRS","n",1,280.39,1.14,"0",2,2020,10,4
"38",51.568172,-3.763609,303.94,0.43,0.38,2020-10-05,"0206","N","VIIRS","n",1,281.65,0.99,"0",2,2020,10,4
"39",51.568821,-3.769854,310.3,0.43,0.38,2020-10-05,"0206","N","VIIRS","n",1,280.42,1.24,"0",2,2020,10,4
"40",51.572403,-3.768652,297.5,0.43,0.38,2020-10-05,"0206","N","VIIRS","n",1,279.04,0.99,"0",2,2020,10,4
"41",51.565479,-3.770869,324.63,0.43,0.38,2020-10-05,"0206","N","VIIRS","n",1,282.9,2.98,"0",3,2020,10,4
"42",51.568069,-3.763691,302.18,0.43,0.38,2020-10-05,"0206","N","VIIRS","n",1,281.06,0.49,"0",2,2020,10,4
"43",51.5765,-3.773803,296.6,0.43,0.38,2020-10-05,"0206","N","VIIRS","n",1,281.71,0.58,"0",2,2020,10,4
"44",56.099487,-3.304024,343.7,0.57,0.52,2020-10-05,"1336","N","VIIRS","n",1,281.3,13.66,"1",2,2020,10,4
"45",52.639004,-0.545402,296.24,0.48,0.4,2020-10-06,"0148","N","VIIRS","n",1,280.06,0.65,"0",0,2020,10,4
"46",53.564892,-0.596006,321.91,0.5,0.41,2020-10-06,"0148","N","VIIRS","n",1,282.39,3.61,"0",2,2020,10,4
"47",50.829609,-1.36387,297.56,0.49,0.4,2020-10-06,"0148","N","VIIRS","n",1,285.92,1.32,"0",2,2020,10,4
"48",53.568623,-0.594912,330.06,0.5,0.41,2020-10-06,"0148","N","VIIRS","n",1,283.53,4.62,"0",3,2020,10,4
"49",53.63208,-0.247233,302.66,0.49,0.4,2020-10-06,"0148","N","VIIRS","n",1,284.5,1.65,"0",2,2020,10,4
"50",53.586662,-0.62078,299.16,0.5,0.41,2020-10-06,"0148","N","VIIRS","n",1,281.51,0.94,"0",3,2020,10,4
"51",52.640244,-0.545838,296.63,0.48,0.4,2020-10-06,"0148","N","VIIRS","n",1,280.51,0.41,"0",2,2020,10,4
"52",53.631428,-0.243108,300.03,0.46,0.64,2020-10-06,"0324","N","VIIRS","n",1,280.99,1.31,"0",2,2020,10,4
"53",53.449417,-1.325191,308.1,0.53,0.5,2020-10-07,"0130","N","VIIRS","n",1,278.6,1.78,"0",2,2020,10,4
"54",51.576805,-3.774595,309.14,0.32,0.55,2020-10-07,"0130","N","VIIRS","n",1,263.21,0.83,"0",2,2020,10,4
"55",51.56638,-3.770986,302.17,0.32,0.55,2020-10-07,"0130","N","VIIRS","n",1,262.86,1.7,"0",2,2020,10,4
"56",51.571049,-3.764612,297.74,0.54,0.51,2020-10-07,"0306","N","VIIRS","n",1,277.35,0.71,"0",2,2020,10,4
"57",54.593971,-1.273521,299.95,0.53,0.5,2020-10-07,"0306","N","VIIRS","n",1,280.34,1.14,"0",0,2020,10,4
"58",53.569576,-0.60063,310.47,0.61,0.53,2020-10-07,"0306","N","VIIRS","n",1,281.01,5.28,"0",3,2020,10,4
"59",51.566727,-3.767637,296.46,0.54,0.51,2020-10-07,"0306","N","VIIRS","n",1,278.24,1.4,"0",2,2020,10,4
"60",51.56871,-3.774929,299.51,0.54,0.5,2020-10-07,"0306","N","VIIRS","n",1,278.59,2.37,"0",2,2020,10,4
"61",51.564743,-3.760363,298.99,0.54,0.51,2020-10-07,"0306","N","VIIRS","n",1,278.13,1.4,"0",2,2020,10,4
"62",53.565002,-0.597896,305.24,0.61,0.53,2020-10-07,"0306","N","VIIRS","n",1,280.99,3.05,"0",2,2020,10,4
"63",53.567493,-0.606307,314.22,0.61,0.53,2020-10-07,"0306","N","VIIRS","n",1,280.37,3.05,"0",2,2020,10,4
"64",51.579311,-3.776073,302.38,0.54,0.5,2020-10-07,"0306","N","VIIRS","n",1,279.44,2.31,"0",2,2020,10,4
"65",53.562675,-0.595999,303.09,0.61,0.53,2020-10-07,"0306","N","VIIRS","n",1,280.21,3.64,"0",2,2020,10,4
"66",53.571968,-0.602578,296.51,0.61,0.53,2020-10-07,"0306","N","VIIRS","n",1,279.9,2.69,"0",3,2020,10,4
"67",50.83049,-1.364599,296.84,0.35,0.57,2020-10-07,"0306","N","VIIRS","n",1,282.82,0.53,"0",2,2020,10,4
"68",50.831089,-1.364873,295.91,0.35,0.57,2020-10-07,"0306","N","VIIRS","n",1,282.98,0.88,"0",2,2020,10,4
"69",51.560421,-3.763392,311.1,0.54,0.51,2020-10-07,"0306","N","VIIRS","n",1,278.37,1.4,"0",2,2020,10,4
"70",53.569954,-0.601816,331.26,0.46,0.39,2020-10-07,"1300","N","VIIRS","n",1,289.1,6.23,"1",3,2020,10,4
"71",53.566368,-0.60072,345.65,0.46,0.39,2020-10-07,"1300","N","VIIRS","n",1,291.36,6.23,"1",3,2020,10,4
"72",53.567116,-0.593831,333.97,0.46,0.39,2020-10-07,"1300","N","VIIRS","n",1,290.93,6.23,"1",3,2020,10,4
"73",51.564201,-3.76126,296.39,0.4,0.37,2020-10-09,"0230","N","VIIRS","n",1,279.32,0.6,"0",2,2020,10,4
"74",51.568512,-3.765393,304.01,0.4,0.37,2020-10-09,"0230","N","VIIRS","n",1,278.73,2.21,"0",2,2020,10,4
"75",53.566143,-0.593817,316.2,0.44,0.38,2020-10-09,"0230","N","VIIRS","n",1,273.92,1.65,"0",3,2020,10,4
"76",51.682827,-5.029816,299.23,0.39,0.36,2020-10-09,"0230","N","VIIRS","n",1,285.05,1.11,"0",2,2020,10,4
"77",51.577423,-3.772743,301.19,0.4,0.37,2020-10-09,"0230","N","VIIRS","n",1,280.1,0.79,"0",2,2020,10,4
"78",51.566235,-3.772596,328.09,0.4,0.37,2020-10-09,"0230","N","VIIRS","n",1,282.37,2.21,"0",2,2020,10,4
"79",51.56879,-3.76448,297.28,0.4,0.37,2020-10-09,"0230","N","VIIRS","n",1,277.67,0.66,"0",2,2020,10,4
"80",53.569538,-0.591897,308.43,0.44,0.38,2020-10-09,"0230","N","VIIRS","n",1,273.49,1.65,"0",3,2020,10,4
"81",53.634594,-0.242944,301.84,0.45,0.39,2020-10-09,"0230","N","VIIRS","n",1,278.73,1.9,"0",2,2020,10,4
"82",56.917328,-2.793973,341.06,0.43,0.38,2020-10-09,"1224","N","VIIRS","n",1,284.68,5.46,"1",0,2020,10,4
"83",55.749344,-2.44237,334.06,0.54,0.68,2020-10-09,"1400","N","VIIRS","n",1,278.08,3.04,"1",0,2020,10,4
"84",56.790535,-2.887708,329.25,0.52,0.67,2020-10-09,"1400","N","VIIRS","n",1,279.19,2.46,"1",0,2020,10,4
"85",50.833954,-1.377174,296.17,0.38,0.36,2020-10-10,"0212","N","VIIRS","n",1,279.91,0.69,"0",0,2020,10,4
"86",51.576851,-3.778899,303.3,0.4,0.37,2020-10-10,"0212","N","VIIRS","n",1,278.81,1.75,"0",2,2020,10,4
"87",52.303062,-0.541531,300.99,0.39,0.36,2020-10-10,"0212","N","VIIRS","n",1,275.66,0.35,"0",0,2020,10,4
"88",51.568607,-3.769843,311.75,0.4,0.37,2020-10-10,"0212","N","VIIRS","n",1,278.68,1.41,"0",2,2020,10,4
"89",51.396313,-3.392671,306.1,0.39,0.36,2020-10-10,"0212","N","VIIRS","n",1,278.24,0.7,"0",0,2020,10,4
"90",51.565269,-3.771027,319.97,0.4,0.37,2020-10-10,"0212","N","VIIRS","n",1,281.46,2.85,"0",3,2020,10,4
"91",51.571945,-3.768656,302.75,0.4,0.37,2020-10-10,"0212","N","VIIRS","n",1,278.03,1.41,"0",2,2020,10,4
"92",53.338753,-1.754572,307.49,0.39,0.36,2020-10-10,"0212","N","VIIRS","n",1,274.52,1.2,"0",2,2020,10,4
"93",51.567818,-3.764133,306.79,0.4,0.37,2020-10-10,"0212","N","VIIRS","n",1,279.84,0.86,"0",2,2020,10,4
"94",51.47953,-3.137721,306.01,0.39,0.36,2020-10-10,"0212","N","VIIRS","n",1,280.71,0.94,"0",3,2020,10,4
"95",51.576065,-3.773186,320.67,0.4,0.37,2020-10-10,"0212","N","VIIRS","n",1,280.39,1.6,"0",2,2020,10,4
"96",51.570213,-3.765496,311.26,0.69,0.74,2020-10-10,"0354","N","VIIRS","n",1,276.36,2.69,"0",2,2020,10,4
"97",51.572338,-3.768623,302.81,0.69,0.74,2020-10-10,"0354","N","VIIRS","n",1,276.24,2.59,"0",2,2020,10,4
"98",54.596275,-1.272101,308.39,0.48,0.4,2020-10-11,"0154","N","VIIRS","n",1,280.34,1.34,"0",0,2020,10,4
"99",54.594013,-1.274594,305.49,0.48,0.4,2020-10-11,"0154","N","VIIRS","n",1,279.76,1.26,"0",0,2020,10,4
"100",53.338955,-1.753566,308.88,0.48,0.4,2020-10-11,"0154","N","VIIRS","n",1,280.11,1.89,"0",2,2020,10,4
"101",53.587265,-0.61593,303.05,0.45,0.39,2020-10-11,"0154","N","VIIRS","n",1,280.45,1.17,"0",3,2020,10,4
"102",51.397896,-3.394957,298.92,0.52,0.41,2020-10-11,"0154","N","VIIRS","n",1,279.95,0.86,"0",2,2020,10,4
"103",52.722908,-1.450633,301.95,0.46,0.39,2020-10-11,"0154","N","VIIRS","n",1,276.26,1.62,"0",0,2020,10,4
"104",53.73658,-0.231653,299.63,0.44,0.38,2020-10-11,"0154","N","VIIRS","n",1,279.08,0.71,"0",0,2020,10,4
"105",53.56646,-0.594688,346.74,0.45,0.39,2020-10-11,"0154","N","VIIRS","n",1,282.37,7.27,"0",2,2020,10,4
"106",51.479786,-3.139198,310.07,0.51,0.41,2020-10-11,"0154","N","VIIRS","n",1,280.8,1.98,"0",3,2020,10,4
"107",56.009155,-3.676614,317.26,0.4,0.44,2020-10-11,"0154","N","VIIRS","n",1,278.19,1.25,"0",3,2020,10,4
"108",54.597675,-1.273427,297.5,0.48,0.4,2020-10-11,"0154","N","VIIRS","n",1,278.41,0.55,"0",0,2020,10,4
"109",52.726501,-1.449487,316.06,0.46,0.39,2020-10-11,"0154","N","VIIRS","n",1,277.38,2.2,"0",0,2020,10,4
"110",53.633659,-0.245439,311.76,0.44,0.38,2020-10-11,"0154","N","VIIRS","n",1,284.02,1.89,"0",2,2020,10,4
"111",53.569996,-0.59353,329.3,0.45,0.39,2020-10-11,"0154","N","VIIRS","n",1,280.57,2.99,"0",3,2020,10,4
"112",53.630363,-0.243274,296.53,0.52,0.67,2020-10-11,"0330","N","VIIRS","n",1,278.05,0.95,"0",2,2020,10,4
"113",53.733654,-0.224829,298.91,0.52,0.67,2020-10-11,"0330","N","VIIRS","n",1,277.33,0.78,"0",0,2020,10,4
"114",51.56715,-3.76552,314.47,0.47,0.64,2020-10-11,"0336","N","VIIRS","n",1,279.9,1.67,"0",2,2020,10,4
"115",51.568581,-3.762121,300.26,0.47,0.64,2020-10-11,"0336","N","VIIRS","n",1,279.27,1.54,"0",2,2020,10,4
"116",51.569263,-3.771674,298.4,0.47,0.64,2020-10-11,"0336","N","VIIRS","n",1,280.04,1.67,"0",2,2020,10,4
"117",51.570667,-3.768306,309.25,0.47,0.64,2020-10-11,"0336","N","VIIRS","n",1,279.05,2.53,"0",2,2020,10,4
"118",53.568249,-0.591783,298.87,0.51,0.66,2020-10-11,"0336","N","VIIRS","n",1,277.63,1.42,"0",3,2020,10,4
"119",52.726231,-1.448074,298.75,0.51,0.66,2020-10-11,"0336","N","VIIRS","n",1,276.17,1.23,"0",0,2020,10,4
"120",53.337341,-1.754347,306,0.37,0.58,2020-10-13,"0118","N","VIIRS","n",1,278.17,1.22,"0",2,2020,10,4
"121",51.682644,-5.033127,295.55,0.5,0.66,2020-10-13,"0118","N","VIIRS","n",1,282.44,1.39,"0",2,2020,10,4
"122",51.566387,-3.765079,308.93,0.41,0.45,2020-10-13,"0254","N","VIIRS","n",1,279.91,1.8,"0",3,2020,10,4
"123",51.397873,-3.392724,303.53,0.42,0.45,2020-10-13,"0254","N","VIIRS","n",1,279.46,1.13,"0",2,2020,10,4
"124",53.262123,-1.855229,295.07,0.43,0.46,2020-10-13,"0254","N","VIIRS","n",1,276.7,0.63,"0",0,2020,10,4
"125",51.567738,-3.770666,312.24,0.41,0.45,2020-10-13,"0254","N","VIIRS","n",1,278.65,1.8,"0",3,2020,10,4
"126",51.571625,-3.768268,308.25,0.41,0.45,2020-10-13,"0254","N","VIIRS","n",1,277.61,1.39,"0",2,2020,10,4
"127",51.599293,-3.448309,296.06,0.42,0.45,2020-10-13,"0254","N","VIIRS","n",1,275.74,0.99,"0",0,2020,10,4
"128",51.567703,-3.763784,330.88,0.4,0.37,2020-10-13,"1242","N","VIIRS","n",1,291.39,3.52,"1",2,2020,10,4
"129",51.566734,-3.769382,330.52,0.4,0.37,2020-10-13,"1242","N","VIIRS","n",1,288.01,3.52,"1",2,2020,10,4
"130",53.566891,-0.59362,309.83,0.52,0.67,2020-10-14,"0054","N","VIIRS","n",1,277.2,1.76,"0",2,2020,10,4
"131",53.570873,-0.59703,314.65,0.52,0.67,2020-10-14,"0054","N","VIIRS","n",1,277.68,1.57,"0",3,2020,10,4
"132",53.566826,-0.602155,302.39,0.52,0.67,2020-10-14,"0054","N","VIIRS","n",1,278.58,2.43,"0",2,2020,10,4
"133",53.564594,-0.596934,300.16,0.52,0.67,2020-10-14,"0054","N","VIIRS","n",1,277.74,1.17,"0",2,2020,10,4
"134",51.57016,-3.771401,297.85,0.43,0.38,2020-10-14,"0236","N","VIIRS","n",1,273.12,1.66,"0",2,2020,10,4
"135",53.634178,-0.239064,301.06,0.5,0.41,2020-10-14,"0236","N","VIIRS","n",1,281.33,1.14,"0",2,2020,10,4
"136",51.684792,-5.030974,296.87,0.41,0.37,2020-10-14,"0236","N","VIIRS","n",1,283.81,1.38,"0",2,2020,10,4
"137",51.568985,-3.76534,321.58,0.43,0.38,2020-10-14,"0236","N","VIIRS","n",1,273.6,1.66,"0",2,2020,10,4
"138",53.565849,-0.593514,334.03,0.49,0.4,2020-10-14,"0236","N","VIIRS","n",1,278.7,3.07,"0",2,2020,10,4
"139",52.641407,-0.547256,296.1,0.51,0.41,2020-10-14,"0236","N","VIIRS","n",1,278.7,0.84,"0",2,2020,10,4
"140",51.566776,-3.773105,311.55,0.43,0.38,2020-10-14,"0236","N","VIIRS","n",1,275.05,1.87,"0",3,2020,10,4
"141",53.570877,-0.59834,298.76,0.49,0.4,2020-10-14,"0236","N","VIIRS","n",1,277.73,0.93,"0",3,2020,10,4
"142",51.578098,-3.774043,332.12,0.43,0.38,2020-10-14,"0236","N","VIIRS","n",1,274.96,3.84,"0",2,2020,10,4
"143",53.567352,-0.600481,304.8,0.49,0.4,2020-10-14,"0236","N","VIIRS","n",1,278.2,3.07,"0",2,2020,10,4
"144",53.569374,-0.591374,307.72,0.49,0.4,2020-10-14,"0236","N","VIIRS","n",1,276.87,0.93,"0",3,2020,10,4
"145",51.395931,-3.395887,300.2,0.44,0.39,2020-10-14,"0236","N","VIIRS","n",1,278.29,1.05,"0",0,2020,10,4
"146",53.632195,-0.248463,296.93,0.5,0.41,2020-10-14,"0236","N","VIIRS","n",1,283.19,1.14,"0",2,2020,10,4
"147",51.565598,-3.767041,301.07,0.43,0.38,2020-10-14,"0236","N","VIIRS","n",1,272.43,1.87,"0",3,2020,10,4
"148",52.439133,1.61138,299.72,0.41,0.45,2020-10-14,"0236","N","VIIRS","n",1,279.15,0.48,"0",0,2020,10,4
"149",51.578899,-3.772811,329.86,0.52,0.41,2020-10-14,"1224","N","VIIRS","n",1,290.09,4.09,"1",2,2020,10,4
"150",51.569843,-3.775594,305.77,0.39,0.36,2020-10-15,"0218","N","VIIRS","n",1,279.16,0.72,"0",2,2020,10,4
"151",50.829014,-1.363051,295.3,0.4,0.37,2020-10-15,"0218","N","VIIRS","n",1,281.33,0.47,"0",0,2020,10,4
"152",51.481735,-3.137559,307.77,0.38,0.36,2020-10-15,"0218","N","VIIRS","n",1,279.55,0.83,"0",3,2020,10,4
"153",51.478485,-3.138876,296.23,0.38,0.36,2020-10-15,"0218","N","VIIRS","n",1,280.29,0.83,"0",3,2020,10,4
"154",53.888371,-2.383908,298.26,0.38,0.36,2020-10-15,"0218","N","VIIRS","n",1,277.97,0.5,"0",2,2020,10,4
"155",51.576374,-3.773043,309.97,0.39,0.36,2020-10-15,"0218","N","VIIRS","n",1,280.1,1.13,"0",2,2020,10,4
"156",53.585236,-0.615833,306.24,0.39,0.36,2020-10-15,"0218","N","VIIRS","n",1,277.48,1.25,"0",3,2020,10,4
"157",53.632278,-0.247171,298.25,0.39,0.36,2020-10-15,"0218","N","VIIRS","n",1,283.32,0.76,"0",2,2020,10,4
"158",53.578747,-0.618979,306.41,0.39,0.36,2020-10-15,"0218","N","VIIRS","n",1,274.3,1.41,"0",3,2020,10,4
"159",51.577202,-3.778534,313.65,0.39,0.36,2020-10-15,"0218","N","VIIRS","n",1,280.32,1.81,"0",2,2020,10,4
"160",53.567341,-0.593368,336.96,0.39,0.36,2020-10-15,"0218","N","VIIRS","n",1,280.9,5.53,"0",3,2020,10,4
"161",53.569302,-0.604856,309.3,0.39,0.36,2020-10-15,"0218","N","VIIRS","n",1,276.84,1.01,"0",3,2020,10,4
"162",51.569016,-3.770107,295.26,0.39,0.36,2020-10-15,"0218","N","VIIRS","n",1,278.06,0.72,"0",2,2020,10,4
"163",51.568184,-3.764617,296.76,0.39,0.36,2020-10-15,"0218","N","VIIRS","n",1,279.26,0.5,"0",2,2020,10,4
"164",51.561909,-3.762188,344.88,0.39,0.36,2020-10-15,"0218","N","VIIRS","n",1,282.82,5.04,"0",2,2020,10,4
"165",53.338444,-1.753599,312.53,0.38,0.36,2020-10-15,"0218","N","VIIRS","n",1,279.6,1.42,"0",2,2020,10,4
"166",53.336491,-1.75502,295.03,0.38,0.36,2020-10-15,"0218","N","VIIRS","n",1,276.92,0.75,"0",2,2020,10,4
"167",51.547131,0.460269,312.37,0.42,0.38,2020-10-15,"0218","N","VIIRS","n",1,278.83,1.58,"0",0,2020,10,4
"168",53.634525,-0.239761,301.78,0.39,0.36,2020-10-15,"0218","N","VIIRS","n",1,280.75,0.76,"0",2,2020,10,4
"169",51.395935,-3.393669,303.07,0.38,0.36,2020-10-15,"0218","N","VIIRS","n",1,277.61,0.96,"0",0,2020,10,4
"170",53.565075,-0.60068,308.62,0.39,0.36,2020-10-15,"0218","N","VIIRS","n",1,278.33,1.22,"0",2,2020,10,4
"171",53.262356,-1.855363,301.74,0.38,0.36,2020-10-15,"0218","N","VIIRS","n",1,277.46,0.81,"0",0,2020,10,4
"172",53.631271,-0.241371,296.68,0.39,0.36,2020-10-15,"0218","N","VIIRS","n",1,279.01,0.76,"0",0,2020,10,4
"173",53.581989,-0.617408,324.05,0.39,0.36,2020-10-15,"0218","N","VIIRS","n",1,276.88,1.41,"0",3,2020,10,4
"174",51.566833,-3.771886,324.75,0.39,0.36,2020-10-15,"0218","N","VIIRS","n",1,282.32,4.27,"0",3,2020,10,4
"175",51.560699,-3.76168,323.57,0.78,0.78,2020-10-15,"0400","N","VIIRS","n",1,276.92,5.01,"0",2,2020,10,4
"176",51.560863,-3.767191,328.46,0.78,0.78,2020-10-15,"0400","N","VIIRS","n",1,277.15,7.21,"0",3,2020,10,4
"177",51.563122,-3.763792,338.71,0.52,0.5,2020-10-15,"1206","N","VIIRS","n",1,286.82,6.73,"1",3,2020,10,4
"178",51.562695,-3.764022,339.62,0.52,0.5,2020-10-15,"1206","N","VIIRS","n",1,286.94,6.59,"1",2,2020,10,4
"179",51.563713,-3.763512,348.07,0.34,0.56,2020-10-15,"1348","N","VIIRS","n",1,287.35,6.25,"1",2,2020,10,4
"180",51.563705,-3.76727,334.77,0.34,0.56,2020-10-15,"1348","N","VIIRS","n",1,286.75,3.8,"1",2,2020,10,4
"181",51.5639,-3.762273,334.06,0.34,0.56,2020-10-15,"1348","N","VIIRS","n",1,285.06,3.8,"1",2,2020,10,4
"182",51.567265,-3.768249,328.63,0.47,0.4,2020-10-16,"0200","N","VIIRS","n",1,277.62,2.9,"0",2,2020,10,4
"183",51.562862,-3.762455,295.11,0.47,0.4,2020-10-16,"0200","N","VIIRS","n",1,276.9,1.01,"0",2,2020,10,4
"184",51.578053,-3.779131,316.7,0.47,0.4,2020-10-16,"0200","N","VIIRS","n",1,278.52,3.08,"0",2,2020,10,4
"185",51.565647,-3.76856,324.4,0.47,0.4,2020-10-16,"0200","N","VIIRS","n",1,277.79,1.88,"0",3,2020,10,4
"186",51.577312,-3.772285,321.46,0.47,0.4,2020-10-16,"0200","N","VIIRS","n",1,277.18,2.2,"0",2,2020,10,4
"187",50.829212,-1.366092,298.58,0.41,0.37,2020-10-16,"0200","N","VIIRS","n",1,282.2,0.91,"0",0,2020,10,4
"188",50.834122,-1.376423,295.82,0.41,0.37,2020-10-16,"0200","N","VIIRS","n",1,281.7,0.72,"0",0,2020,10,4
"189",51.563622,-3.76929,298.38,0.47,0.4,2020-10-16,"0200","N","VIIRS","n",1,277.17,1.01,"0",2,2020,10,4
"190",51.682827,-5.026538,296.27,0.48,0.64,2020-10-16,"0342","N","VIIRS","n",1,280.84,1.01,"0",2,2020,10,4
"191",50.832493,-1.36427,295.65,0.69,0.74,2020-10-16,"0342","N","VIIRS","n",1,277.97,1.63,"0",2,2020,10,4
"192",51.568394,-3.773817,306.54,0.47,0.48,2020-10-17,"0142","N","VIIRS","n",1,281.29,1.95,"0",2,2020,10,4
"193",51.562992,-3.76075,305.34,0.47,0.48,2020-10-17,"0142","N","VIIRS","n",1,278.93,1.81,"0",2,2020,10,4
"194",51.577267,-3.772223,301.58,0.47,0.48,2020-10-17,"0142","N","VIIRS","n",1,279.62,1.73,"0",2,2020,10,4
"195",51.567913,-3.766886,313.7,0.47,0.48,2020-10-17,"0142","N","VIIRS","n",1,280.58,2.67,"0",2,2020,10,4
"196",51.568661,-3.765186,298.96,0.35,0.57,2020-10-17,"0324","N","VIIRS","n",1,277.97,1.22,"0",2,2020,10,4
"197",51.576355,-3.770891,296.55,0.35,0.57,2020-10-17,"0324","N","VIIRS","n",1,278.35,1.01,"0",0,2020,10,4
"198",51.683342,-5.029857,296.07,0.63,0.54,2020-10-17,"0324","N","VIIRS","n",1,282.23,2.02,"0",2,2020,10,4
"199",53.568352,-0.59718,335.33,0.38,0.59,2020-10-17,"1130","N","VIIRS","n",1,283.58,6.2,"1",3,2020,10,4
"200",53.566109,-0.594838,338.96,0.39,0.44,2020-10-17,"1312","N","VIIRS","n",1,289.22,2.9,"1",3,2020,10,4
"201",53.570148,-0.595733,330.4,0.39,0.44,2020-10-17,"1312","N","VIIRS","n",1,287.39,2.9,"1",3,2020,10,4
"202",53.565628,-0.600689,330.34,0.39,0.44,2020-10-17,"1312","N","VIIRS","n",1,288.26,2.9,"1",3,2020,10,4
"203",53.337795,-1.753511,299.34,0.51,0.41,2020-10-19,"0242","N","VIIRS","n",1,272.63,1.08,"0",2,2020,10,4
"204",51.291882,-1.522709,330.06,0.41,0.37,2020-10-19,"1230","N","VIIRS","n",1,274.33,2.69,"1",0,2020,10,4
"205",50.829212,-1.36525,297.45,0.49,0.4,2020-10-22,"0148","N","VIIRS","n",1,285.29,0.88,"0",0,2020,10,4
"206",51.152039,-0.055977,304.19,0.45,0.39,2020-10-22,"0148","N","VIIRS","n",1,282.49,1,"0",0,2020,10,4
"207",51.685146,-5.0288,295.22,0.36,0.58,2020-10-22,"0330","N","VIIRS","n",1,281.99,0.92,"0",3,2020,10,4
"208",53.63224,-0.241722,297.21,0.48,0.48,2020-10-23,"0130","N","VIIRS","n",1,279.81,1.19,"0",2,2020,10,4
"209",53.447037,-1.32058,327.22,0.53,0.5,2020-10-23,"0130","N","VIIRS","n",1,276.04,3.38,"0",0,2020,10,4
"210",50.830814,-1.365701,297.2,0.5,0.49,2020-10-23,"0130","N","VIIRS","n",1,284.17,1.19,"0",2,2020,10,4
"211",53.337372,-1.750672,302.64,0.55,0.51,2020-10-23,"0130","N","VIIRS","n",1,276.8,1.38,"0",0,2020,10,4
"212",53.567833,-0.601392,315.54,0.5,0.49,2020-10-23,"0130","N","VIIRS","n",1,278.04,6.01,"0",2,2020,10,4
"213",53.632713,-0.249117,296.85,0.48,0.48,2020-10-23,"0130","N","VIIRS","n",1,280.97,1.21,"0",2,2020,10,4
"214",53.448448,-1.321295,328.33,0.53,0.5,2020-10-23,"0130","N","VIIRS","n",1,277.16,2.77,"0",2,2020,10,4
"215",53.562817,-0.594454,324.5,0.5,0.49,2020-10-23,"0130","N","VIIRS","n",1,275.4,4.73,"0",2,2020,10,4
"216",53.567348,-0.593627,346.62,0.5,0.49,2020-10-23,"0130","N","VIIRS","n",1,280.02,4.73,"0",2,2020,10,4
"217",51.47961,-3.135087,326.75,0.39,0.36,2020-10-23,"1300","N","VIIRS","n",1,287.38,1.87,"1",3,2020,10,4
"218",53.451958,-1.323382,301.45,0.42,0.61,2020-10-24,"0106","N","VIIRS","n",1,268.82,0.52,"0",2,2020,10,4
"219",53.632713,-0.244933,298.69,0.38,0.58,2020-10-24,"0106","N","VIIRS","n",1,277.64,1.25,"0",2,2020,10,4
"220",53.567135,-0.602489,299.46,0.61,0.71,2020-10-25,"0048","N","VIIRS","n",1,276.64,3.92,"0",3,2020,10,4
"221",53.567322,-0.592504,314.84,0.61,0.71,2020-10-25,"0048","N","VIIRS","n",1,277.15,3.37,"0",2,2020,10,4
"222",53.564186,-0.593302,307.9,0.61,0.71,2020-10-25,"0048","N","VIIRS","n",1,275.2,2.91,"0",2,2020,10,4
"223",53.335556,-1.750161,295.6,0.68,0.74,2020-10-25,"0048","N","VIIRS","n",1,276.5,1.13,"0",0,2020,10,4
"224",53.634075,-0.242017,304.93,0.45,0.39,2020-10-25,"0230","N","VIIRS","n",1,282.2,0.94,"0",2,2020,10,4
"225",56.002609,-3.695528,301.12,0.38,0.36,2020-10-25,"0230","N","VIIRS","n",1,275.84,8.88,"0",0,2020,10,4
"226",56.001644,-3.689508,348.36,0.38,0.36,2020-10-25,"0230","N","VIIRS","n",1,278.93,8.88,"0",0,2020,10,4
"227",53.585926,-0.616795,333.45,0.44,0.38,2020-10-25,"0230","N","VIIRS","n",1,279.71,3.5,"0",3,2020,10,4
"228",53.337963,-1.756441,296.41,0.42,0.38,2020-10-25,"0230","N","VIIRS","n",1,277.56,0.7,"0",2,2020,10,4
"229",53.26366,-1.857931,295.17,0.42,0.38,2020-10-25,"0230","N","VIIRS","n",1,276.92,0.45,"0",0,2020,10,4
"230",53.568501,-0.605188,307.76,0.44,0.38,2020-10-25,"0230","N","VIIRS","n",1,279,1.98,"0",3,2020,10,4
"231",53.635403,-0.248575,297.53,0.45,0.39,2020-10-25,"0230","N","VIIRS","n",1,284.61,0.94,"0",2,2020,10,4
"232",53.567219,-0.598781,337.58,0.44,0.38,2020-10-25,"0230","N","VIIRS","n",1,282.51,4.93,"0",2,2020,10,4
"233",56.004868,-3.68785,351.19,0.38,0.36,2020-10-25,"0230","N","VIIRS","n",1,281.66,8.88,"0",2,2020,10,4
"234",56.00209,-3.687006,327.79,0.65,0.73,2020-10-25,"0412","N","VIIRS","n",1,276.32,4.08,"0",2,2020,10,4
"235",53.56591,-0.59175,331.2,0.43,0.38,2020-10-25,"1218","N","VIIRS","n",1,286.38,4.95,"1",3,2020,10,4
"236",53.564686,-0.598106,337.77,0.43,0.38,2020-10-25,"1218","N","VIIRS","n",1,286.78,4.95,"1",3,2020,10,4
"237",50.830929,-1.365091,298.45,0.38,0.36,2020-10-26,"0212","N","VIIRS","n",1,283.2,1.05,"0",2,2020,10,4
"238",53.569721,-0.602947,308.04,0.38,0.36,2020-10-26,"0212","N","VIIRS","n",1,277.62,1.01,"0",3,2020,10,4
"239",54.9519,-1.636511,304.04,0.39,0.36,2020-10-26,"0212","N","VIIRS","n",1,275.91,1.51,"0",0,2020,10,4
"240",53.633381,-0.243832,310.71,0.38,0.36,2020-10-26,"0212","N","VIIRS","n",1,282.24,1.64,"0",2,2020,10,4
"241",53.586273,-0.619978,298.28,0.38,0.36,2020-10-26,"0212","N","VIIRS","n",1,277.39,0.83,"0",3,2020,10,4
"242",53.634293,-0.249533,299.09,0.38,0.36,2020-10-26,"0212","N","VIIRS","n",1,283.47,0.97,"0",2,2020,10,4
"243",53.337761,-1.752595,316.17,0.39,0.36,2020-10-26,"0212","N","VIIRS","n",1,279.44,1.83,"0",2,2020,10,4
"244",53.565582,-0.59869,328.27,0.38,0.36,2020-10-26,"0212","N","VIIRS","n",1,279.82,2.55,"0",2,2020,10,4
"245",51.565868,-3.767028,303.7,0.69,0.74,2020-10-26,"0354","N","VIIRS","n",1,275.91,3.02,"0",3,2020,10,4
"246",51.564781,-3.761393,306.9,0.69,0.74,2020-10-26,"0354","N","VIIRS","n",1,276.16,3.15,"0",2,2020,10,4
"247",51.568302,-3.770269,297.45,0.69,0.74,2020-10-26,"0354","N","VIIRS","n",1,275.25,3.19,"0",2,2020,10,4
"248",51.562325,-3.758209,297.85,0.69,0.74,2020-10-26,"0354","N","VIIRS","n",1,275.78,3.45,"0",0,2020,10,4
"249",53.56995,-0.604403,298.6,0.73,0.76,2020-10-26,"0354","N","VIIRS","n",1,273.5,2.41,"0",2,2020,10,4
"250",51.579571,-3.778786,332.1,0.58,0.52,2020-10-26,"1342","N","VIIRS","n",1,285.96,4.11,"1",2,2020,10,4
"251",53.635201,-0.247605,301.9,0.44,0.38,2020-10-27,"0154","N","VIIRS","n",1,282.34,0.95,"0",2,2020,10,4
"252",53.634415,-0.240992,297.08,0.44,0.38,2020-10-27,"0154","N","VIIRS","n",1,279.69,0.95,"0",2,2020,10,4
"253",53.565651,-0.604902,296.61,0.45,0.39,2020-10-27,"0154","N","VIIRS","n",1,276.46,0.59,"0",2,2020,10,4
"254",53.631699,-0.248795,296.32,0.44,0.38,2020-10-27,"0154","N","VIIRS","n",1,280.92,1.28,"0",2,2020,10,4
"255",53.568409,-0.596954,316.25,0.45,0.39,2020-10-27,"0154","N","VIIRS","n",1,279.29,2.4,"0",3,2020,10,4
"256",51.151783,-0.056681,297.41,0.41,0.37,2020-10-27,"0154","N","VIIRS","n",1,277.06,0.59,"0",0,2020,10,4
"257",53.564869,-0.598121,303.24,0.45,0.39,2020-10-27,"0154","N","VIIRS","n",1,278.74,1.14,"0",2,2020,10,4
"258",53.569191,-0.603731,311.5,0.45,0.39,2020-10-27,"0154","N","VIIRS","n",1,278.04,1.37,"0",3,2020,10,4
"259",53.585693,-0.619317,296.65,0.45,0.39,2020-10-27,"0154","N","VIIRS","n",1,278.41,1.13,"0",3,2020,10,4
"260",53.566517,-0.593635,297.54,0.51,0.66,2020-10-27,"0330","N","VIIRS","n",1,277.16,1.37,"0",2,2020,10,4
"261",53.568954,-0.600251,326.78,0.51,0.66,2020-10-27,"0330","N","VIIRS","n",1,277.55,3.98,"0",3,2020,10,4
"262",53.568214,-0.597182,316.8,0.51,0.66,2020-10-27,"0330","N","VIIRS","n",1,278.07,3.35,"0",2,2020,10,4
"263",53.570652,-0.603899,297.93,0.51,0.66,2020-10-27,"0330","N","VIIRS","n",1,275.89,2.81,"0",3,2020,10,4
"264",53.586452,-0.616314,296.33,0.43,0.46,2020-10-28,"0136","N","VIIRS","n",1,271.24,1.08,"0",3,2020,10,4
"265",53.565544,-0.599773,308.12,0.43,0.46,2020-10-28,"0136","N","VIIRS","n",1,266.52,1.9,"0",2,2020,10,4
"266",53.569263,-0.592179,324.02,0.43,0.46,2020-10-28,"0136","N","VIIRS","n",1,269.06,2.47,"0",2,2020,10,4
"267",53.635361,-0.24861,297.3,0.42,0.45,2020-10-28,"0136","N","VIIRS","n",1,282.38,1.36,"0",2,2020,10,4
"268",53.33847,-1.750686,297.33,0.47,0.48,2020-10-28,"0136","N","VIIRS","n",1,265.91,1,"0",0,2020,10,4
"269",53.634853,-0.242229,298.31,0.42,0.45,2020-10-28,"0136","N","VIIRS","n",1,279.15,1.37,"0",2,2020,10,4
"270",53.565029,-0.593076,319.72,0.43,0.46,2020-10-28,"0136","N","VIIRS","n",1,267.63,2.41,"0",2,2020,10,4
"271",53.563335,-0.594512,312.35,0.43,0.46,2020-10-28,"0136","N","VIIRS","n",1,267.27,3.63,"0",2,2020,10,4
"272",53.567566,-0.593574,341,0.43,0.46,2020-10-28,"0136","N","VIIRS","n",1,270.52,3.63,"0",2,2020,10,4
"273",52.638622,-0.545474,295.22,0.38,0.58,2020-10-28,"0312","N","VIIRS","n",1,276.76,0.61,"0",0,2020,10,4
"274",52.640411,-0.544671,295.39,0.38,0.58,2020-10-28,"0312","N","VIIRS","n",1,276.78,0.37,"0",0,2020,10,4
"275",53.56834,-0.59455,308.24,0.35,0.57,2020-10-28,"0312","N","VIIRS","n",1,271.55,1.38,"0",3,2020,10,4
"276",53.563629,-0.598596,328.89,0.35,0.57,2020-10-28,"0312","N","VIIRS","n",1,275.19,2.64,"0",2,2020,10,4
"277",53.56691,-0.58994,306.88,0.35,0.57,2020-10-28,"0312","N","VIIRS","n",1,273.63,1.09,"0",2,2020,10,4
"278",55.809956,-2.507243,329.91,0.48,0.4,2020-10-28,"1306","N","VIIRS","n",1,275.91,3.68,"1",0,2020,10,4
"279",53.634239,-0.246784,295.99,0.32,0.55,2020-10-29,"0112","N","VIIRS","n",1,280.97,0.59,"0",2,2020,10,4
"280",53.634056,-0.241773,297.11,0.32,0.55,2020-10-29,"0112","N","VIIRS","n",1,278.01,0.59,"0",2,2020,10,4
"281",53.567146,-0.593738,352.81,0.33,0.56,2020-10-29,"0118","N","VIIRS","n",1,280.86,2.97,"0",3,2020,10,4
"282",53.567326,-0.599071,309.82,0.33,0.56,2020-10-29,"0118","N","VIIRS","n",1,278.74,2.97,"0",3,2020,10,4
"283",53.631844,-0.248055,297.11,0.32,0.55,2020-10-29,"0118","N","VIIRS","n",1,280.78,1.04,"0",2,2020,10,4
"284",52.640884,-0.548744,295.41,0.33,0.55,2020-10-29,"0118","N","VIIRS","n",1,277.18,0.48,"0",2,2020,10,4
"285",53.631641,-0.243039,301.72,0.32,0.55,2020-10-29,"0118","N","VIIRS","n",1,278.57,0.94,"0",2,2020,10,4
"286",53.587856,-0.619177,296.69,0.47,0.47,2020-10-29,"0254","N","VIIRS","n",1,268.69,0.77,"0",3,2020,10,4
"287",53.567135,-0.595155,299.83,0.47,0.48,2020-10-29,"0254","N","VIIRS","n",1,256.74,0.92,"0",2,2020,10,4
"288",53.634102,-0.243714,300.64,0.48,0.48,2020-10-29,"0254","N","VIIRS","n",1,276.1,1.05,"0",2,2020,10,4
"289",53.566208,-0.593761,333.45,0.41,0.37,2020-11-01,"0200","N","VIIRS","n",1,277.63,2.99,"0",3,2020,11,4
"290",53.567818,-0.606179,299.68,0.41,0.37,2020-11-01,"0200","N","VIIRS","n",1,274.74,1.93,"0",3,2020,11,4
"291",53.569595,-0.592519,297.26,0.41,0.37,2020-11-01,"0200","N","VIIRS","n",1,275.83,2.99,"0",3,2020,11,4
"292",53.563625,-0.601227,316.18,0.41,0.37,2020-11-01,"0200","N","VIIRS","n",1,272.89,1.76,"0",2,2020,11,4
"293",53.562817,-0.595014,295.3,0.41,0.37,2020-11-01,"0200","N","VIIRS","n",1,274.02,0.92,"0",2,2020,11,4
"294",53.567017,-0.599981,333.28,0.41,0.37,2020-11-01,"0200","N","VIIRS","n",1,277.07,1.93,"0",3,2020,11,4
"295",53.587181,-0.618517,302.12,0.41,0.37,2020-11-01,"0200","N","VIIRS","n",1,277.31,1.09,"0",3,2020,11,4
"296",57.699532,-4.155213,340.22,0.48,0.48,2020-11-01,"1330","N","VIIRS","n",1,280.39,3.26,"1",0,2020,11,4
"297",53.731525,-0.887443,319.74,0.38,0.59,2020-11-02,"0318","N","VIIRS","n",1,284.39,1.52,"0",0,2020,11,4
"298",53.563892,-0.600383,352.86,0.38,0.59,2020-11-02,"1130","N","VIIRS","n",1,284.02,12.86,"1",2,2020,11,4
"299",53.565617,-0.595025,367,0.38,0.59,2020-11-02,"1130","N","VIIRS","l",1,284.29,16.73,"1",3,2020,11,4
"300",53.566853,-0.59711,315.84,0.58,0.52,2020-11-03,"0124","N","VIIRS","n",1,279.31,3.8,"0",2,2020,11,4
"301",53.450207,-1.318125,311.91,0.62,0.54,2020-11-03,"0124","N","VIIRS","n",1,276.42,3.93,"0",0,2020,11,4
"302",53.635216,-0.245448,295.98,0.56,0.51,2020-11-03,"0124","N","VIIRS","n",1,281.42,1.83,"0",2,2020,11,4
"303",53.449734,-1.321362,317.75,0.62,0.54,2020-11-03,"0124","N","VIIRS","n",1,276.55,4.3,"0",2,2020,11,4
"304",53.566406,-0.587887,322.8,0.58,0.52,2020-11-03,"0124","N","VIIRS","n",1,277.27,3.8,"0",0,2020,11,4
"305",53.455208,-1.31752,305.47,0.62,0.54,2020-11-03,"0124","N","VIIRS","n",1,275.41,1.53,"0",2,2020,11,4
"306",55.475254,-1.783961,325.87,0.51,0.66,2020-11-03,"1112","N","VIIRS","n",1,277.51,2.86,"1",0,2020,11,4
"307",52.243778,-1.659224,326.09,0.39,0.37,2020-11-03,"1248","N","VIIRS","n",1,275.89,2.34,"1",0,2020,11,4
"308",55.658379,-2.093002,336.93,0.41,0.37,2020-11-03,"1254","N","VIIRS","n",1,272.98,3.03,"1",0,2020,11,4
"309",53.56863,-0.596973,328.24,0.45,0.63,2020-11-04,"0100","N","VIIRS","n",1,277.07,1.81,"0",3,2020,11,4
"310",53.334755,-1.752516,296.54,0.5,0.66,2020-11-04,"0100","N","VIIRS","n",1,274.09,1.54,"0",0,2020,11,4
"311",53.568584,-0.589595,297.85,0.45,0.63,2020-11-04,"0100","N","VIIRS","n",1,274.43,1.81,"0",3,2020,11,4
"312",51.56398,-3.76581,304.99,0.61,0.71,2020-11-04,"0100","N","VIIRS","n",1,274.84,2.17,"0",2,2020,11,4
"313",53.562717,-0.597155,339.51,0.45,0.63,2020-11-04,"0100","N","VIIRS","n",1,273.9,3,"0",2,2020,11,4
"314",53.565918,-0.601402,332.01,0.45,0.63,2020-11-04,"0100","N","VIIRS","n",1,275.15,3.96,"0",2,2020,11,4
"315",53.565845,-0.594071,333.27,0.45,0.63,2020-11-04,"0100","N","VIIRS","n",1,275.89,3.96,"0",2,2020,11,4
"316",53.571754,-0.593971,301.76,0.45,0.63,2020-11-04,"0100","N","VIIRS","n",1,274.31,1.1,"0",3,2020,11,4
"317",53.336464,-1.749356,297.74,0.51,0.41,2020-11-04,"0242","N","VIIRS","n",1,275.45,0.75,"0",0,2020,11,4
"318",53.336212,-1.751371,299.62,0.51,0.41,2020-11-04,"0242","N","VIIRS","n",1,275.08,1.44,"0",0,2020,11,4
"319",53.448647,-1.32097,311.97,0.52,0.41,2020-11-04,"0242","N","VIIRS","n",1,275.44,1.95,"0",2,2020,11,4
"320",51.568504,-3.769386,308.24,0.48,0.4,2020-11-04,"0242","N","VIIRS","n",1,277.07,1.1,"0",2,2020,11,4
"321",53.634502,-0.243302,301.97,0.56,0.43,2020-11-04,"0242","N","VIIRS","n",1,279.38,2.03,"0",2,2020,11,4
"322",51.682522,-5.027365,295.3,0.44,0.38,2020-11-04,"0242","N","VIIRS","n",1,281.65,1.34,"0",0,2020,11,4
"323",53.569035,-0.602485,320.11,0.54,0.42,2020-11-04,"0242","N","VIIRS","n",1,275.49,3.26,"0",2,2020,11,4
"324",51.564991,-3.771284,301.59,0.48,0.4,2020-11-04,"0242","N","VIIRS","n",1,278.99,3.93,"0",3,2020,11,4
"325",53.397541,-1.387387,315.71,0.52,0.41,2020-11-04,"0242","N","VIIRS","n",1,275.16,2.53,"0",2,2020,11,4
"326",53.570934,-0.592346,297.38,0.54,0.42,2020-11-04,"0242","N","VIIRS","n",1,274.93,0.92,"0",3,2020,11,4
"327",53.567249,-0.594745,319.04,0.54,0.42,2020-11-04,"0242","N","VIIRS","n",1,277.86,3.26,"0",2,2020,11,4
"328",52.168083,-1.665568,304.28,0.54,0.42,2020-11-04,"0242","N","VIIRS","n",1,271.78,0.92,"0",0,2020,11,4
"329",53.563564,-0.597108,320.6,0.54,0.42,2020-11-04,"0242","N","VIIRS","n",1,274.49,3.26,"0",2,2020,11,4
"330",51.576923,-3.772208,304.35,0.48,0.4,2020-11-04,"0242","N","VIIRS","n",1,278.23,0.94,"0",2,2020,11,4
"331",51.567116,-3.762751,297.77,0.48,0.4,2020-11-04,"0242","N","VIIRS","n",1,276.75,0.85,"0",2,2020,11,4
"332",51.563602,-3.764655,325,0.48,0.4,2020-11-04,"0242","N","VIIRS","n",1,276.62,3.85,"0",2,2020,11,4
"333",51.569901,-3.776036,297.77,0.48,0.4,2020-11-04,"0242","N","VIIRS","n",1,275.77,1.1,"0",2,2020,11,4
"334",51.568951,-3.773719,330.86,0.46,0.39,2020-11-04,"1230","N","VIIRS","n",1,286.35,6.63,"1",2,2020,11,4
"335",53.568066,-0.603542,336.16,0.39,0.36,2020-11-04,"1230","N","VIIRS","n",1,286.37,5.88,"1",3,2020,11,4
"336",55.998543,-2.576443,328.25,0.39,0.36,2020-11-04,"1236","N","VIIRS","n",1,282.08,1.66,"1",0,2020,11,4
"337",52.690117,0.959516,321.94,0.61,0.71,2020-11-05,"0042","N","VIIRS","n",1,273.6,3.36,"0",0,2020,11,4
"338",51.378113,-0.377706,301.23,0.69,0.74,2020-11-05,"0042","N","VIIRS","n",1,271.83,1.19,"0",0,2020,11,4
"339",51.568272,-3.771568,322.04,0.39,0.36,2020-11-05,"0224","N","VIIRS","n",1,278.47,2.08,"0",2,2020,11,4
"340",53.449799,-1.323805,309.97,0.4,0.37,2020-11-05,"0224","N","VIIRS","n",1,275.54,1.11,"0",2,2020,11,4
"341",52.68969,0.959797,297.49,0.45,0.39,2020-11-05,"0224","N","VIIRS","n",1,269.14,0.76,"0",0,2020,11,4
"342",52.693134,0.961689,302.99,0.45,0.39,2020-11-05,"0224","N","VIIRS","n",1,270.1,1.01,"0",0,2020,11,4
"343",51.380127,-0.381927,326.49,0.44,0.38,2020-11-05,"0224","N","VIIRS","n",1,273.68,3.08,"0",0,2020,11,4
"344",51.683643,-5.030087,302.06,0.38,0.36,2020-11-05,"0224","N","VIIRS","n",1,284.33,1.37,"0",2,2020,11,4
"345",53.39695,-1.389031,326.39,0.4,0.37,2020-11-05,"0224","N","VIIRS","n",1,272.84,2.64,"0",0,2020,11,4
"346",51.56736,-3.766097,312.38,0.39,0.36,2020-11-05,"0224","N","VIIRS","n",1,277.48,1.87,"0",2,2020,11,4
"347",51.563206,-3.762017,320.98,0.39,0.36,2020-11-05,"0224","N","VIIRS","n",1,276.65,2.3,"0",2,2020,11,4
"348",50.424816,-4.910893,295.26,0.38,0.36,2020-11-05,"0224","N","VIIRS","n",1,273.87,0.51,"0",0,2020,11,4
"349",51.507206,-1.070783,300.51,0.42,0.38,2020-11-05,"0224","N","VIIRS","n",1,274.25,0.91,"0",0,2020,11,4
"350",53.455288,-1.314655,318.68,0.4,0.37,2020-11-05,"0224","N","VIIRS","n",1,276.7,1.03,"0",0,2020,11,4
"351",57.178329,-3.342929,343.41,0.48,0.4,2020-11-05,"1212","N","VIIRS","n",1,287.09,25.06,"1",0,2020,11,4
"352",57.303963,-3.009767,333.4,0.46,0.39,2020-11-05,"1212","N","VIIRS","n",1,283.16,4.25,"1",0,2020,11,4
"353",56.976238,-2.830899,326.21,0.45,0.63,2020-11-05,"1354","N","VIIRS","n",1,283.63,3.08,"1",0,2020,11,4
"354",57.371662,-3.146224,345.28,0.44,0.63,2020-11-05,"1354","N","VIIRS","n",1,282.2,5.07,"1",0,2020,11,4
"355",57.175854,-3.354436,354.84,0.43,0.62,2020-11-05,"1354","N","VIIRS","n",1,283.87,5.18,"1",0,2020,11,4
"356",57.215298,-3.237041,339.02,0.44,0.62,2020-11-05,"1354","N","VIIRS","n",1,281.74,3.59,"1",0,2020,11,4
"357",51.568127,-3.771307,312.19,0.43,0.38,2020-11-06,"0206","N","VIIRS","n",1,279.48,2.49,"0",2,2020,11,4
"358",51.567356,-3.765151,327.74,0.43,0.38,2020-11-06,"0206","N","VIIRS","n",1,280.37,2.49,"0",2,2020,11,4
"359",53.449139,-1.324976,329.29,0.4,0.37,2020-11-06,"0206","N","VIIRS","n",1,278.69,3.32,"0",2,2020,11,4
"360",51.839874,-2.922103,305.66,0.41,0.37,2020-11-06,"0206","N","VIIRS","n",1,272.52,0.51,"0",0,2020,11,4
"361",52.616016,0.248728,302.7,0.38,0.36,2020-11-06,"0206","N","VIIRS","n",1,275.36,1.42,"0",0,2020,11,4
"362",53.33852,-1.751781,304.22,0.4,0.37,2020-11-06,"0206","N","VIIRS","n",1,280.19,1.24,"0",2,2020,11,4
"363",51.496723,-0.625518,298.71,0.39,0.36,2020-11-06,"0206","N","VIIRS","n",1,272.44,0.87,"0",0,2020,11,4
"364",51.409374,-0.544757,300.43,0.38,0.36,2020-11-06,"0206","N","VIIRS","n",1,275.33,0.73,"0",0,2020,11,4
"365",51.576584,-3.781413,297.66,0.43,0.38,2020-11-06,"0206","N","VIIRS","n",1,277.99,0.93,"0",2,2020,11,4
"366",54.953686,-1.632581,299.45,0.41,0.37,2020-11-06,"0206","N","VIIRS","n",1,280.05,0.72,"0",0,2020,11,4
"367",53.568394,-0.59299,331.87,0.39,0.36,2020-11-06,"0206","N","VIIRS","n",1,281.19,2.15,"0",2,2020,11,4
"368",53.066723,-0.779041,298.75,0.39,0.36,2020-11-06,"0206","N","VIIRS","n",1,276.12,0.63,"0",0,2020,11,4
"369",53.565105,-0.594323,301.74,0.39,0.36,2020-11-06,"0206","N","VIIRS","n",1,279.06,2.15,"0",2,2020,11,4
"370",53.565941,-0.600181,344.75,0.39,0.36,2020-11-06,"0206","N","VIIRS","n",1,281.37,3.2,"0",3,2020,11,4
"371",51.398056,-3.396547,303.87,0.42,0.38,2020-11-06,"0206","N","VIIRS","n",1,276.48,0.65,"0",2,2020,11,4
"372",53.522423,-0.766441,300.95,0.39,0.36,2020-11-06,"0206","N","VIIRS","n",1,277.72,0.71,"0",0,2020,11,4
"373",53.424019,-0.868173,299.49,0.39,0.36,2020-11-06,"0206","N","VIIRS","n",1,276.94,0.68,"0",0,2020,11,4
"374",53.569229,-0.598845,303.07,0.39,0.36,2020-11-06,"0206","N","VIIRS","n",1,279.72,3.2,"0",3,2020,11,4
"375",51.527348,-2.490879,318.2,0.4,0.37,2020-11-06,"0206","N","VIIRS","n",1,273.1,1.49,"0",0,2020,11,4
"376",51.527569,-2.492439,317.22,0.4,0.37,2020-11-06,"0206","N","VIIRS","n",1,273.65,1.29,"0",0,2020,11,4
"377",52.640949,-0.54719,296.71,0.39,0.36,2020-11-06,"0206","N","VIIRS","n",1,275.86,0.64,"0",2,2020,11,4
"378",53.569447,-0.600105,300.99,0.65,0.73,2020-11-06,"0348","N","VIIRS","n",1,277.26,1.49,"0",2,2020,11,4
"379",51.565918,-3.766608,315.51,0.61,0.71,2020-11-06,"0348","N","VIIRS","n",1,278.81,3.51,"0",2,2020,11,4
"380",53.566116,-0.591873,297.55,0.65,0.73,2020-11-06,"0348","N","VIIRS","n",1,277.41,1.49,"0",2,2020,11,4
"381",57.212029,-3.204424,330.17,0.43,0.46,2020-11-06,"1154","N","VIIRS","n",1,283.38,2.81,"1",0,2020,11,4
"382",51.184345,-1.549379,333.16,0.61,0.53,2020-11-06,"1336","N","VIIRS","n",1,283.95,3.56,"1",0,2020,11,4
"383",56.95472,-2.814837,326.22,0.6,0.53,2020-11-06,"1336","N","VIIRS","n",1,283.87,4.98,"1",0,2020,11,4
"384",54.498219,-1.001002,326.78,0.34,0.56,2020-11-06,"1336","N","VIIRS","n",1,279.09,1.64,"1",0,2020,11,4
"385",57.298397,-3.919885,327.23,0.55,0.51,2020-11-06,"1336","N","VIIRS","n",1,284.25,3.61,"1",0,2020,11,4
"386",56.935448,-2.798907,325.68,0.6,0.53,2020-11-06,"1336","N","VIIRS","n",1,283.27,2.55,"1",0,2020,11,4
"387",57.407673,-4.026886,337.85,0.55,0.51,2020-11-06,"1336","N","VIIRS","n",1,284.42,5.38,"1",0,2020,11,4
"388",51.184849,-1.549624,332.8,0.61,0.53,2020-11-06,"1336","N","VIIRS","n",1,284.11,5.06,"1",0,2020,11,4
"389",53.566196,-0.598415,354.07,0.35,0.57,2020-11-06,"1336","N","VIIRS","n",1,286.88,5.29,"1",3,2020,11,4
"390",51.567905,-3.76651,303.52,0.41,0.45,2020-11-07,"0148","N","VIIRS","n",1,278.03,1.22,"0",2,2020,11,4
"391",51.366123,1.402096,296.54,0.42,0.38,2020-11-07,"0148","N","VIIRS","n",1,278.73,0.42,"0",0,2020,11,4
"392",51.568382,-3.772474,308.53,0.41,0.45,2020-11-07,"0148","N","VIIRS","n",1,279.26,2.1,"0",2,2020,11,4
"393",53.339687,-1.750125,297.31,0.54,0.42,2020-11-07,"0148","N","VIIRS","n",1,276.27,1.3,"0",2,2020,11,4
"394",53.63343,-0.240189,298.86,0.46,0.64,2020-11-07,"0324","N","VIIRS","n",1,278.62,1.1,"0",0,2020,11,4
"395",53.568729,-0.600782,307.82,0.45,0.63,2020-11-07,"0324","N","VIIRS","n",1,277.34,3.58,"0",3,2020,11,4
"396",53.569427,-0.602279,302.55,0.45,0.63,2020-11-07,"0324","N","VIIRS","n",1,277.07,2.3,"0",3,2020,11,4
"397",53.567379,-0.596305,326.17,0.45,0.63,2020-11-07,"0324","N","VIIRS","n",1,279.54,2.3,"0",3,2020,11,4
"398",53.566662,-0.59486,324.84,0.45,0.63,2020-11-07,"0324","N","VIIRS","n",1,278.87,3.04,"0",2,2020,11,4
"399",51.568111,-3.768003,300.96,0.41,0.6,2020-11-07,"0330","N","VIIRS","n",1,276.43,1.4,"0",2,2020,11,4
"400",57.1092,-3.110669,325.43,0.39,0.44,2020-11-07,"1318","N","VIIRS","n",1,281.34,2.58,"1",0,2020,11,4
"401",56.849674,-2.914473,330.45,0.4,0.44,2020-11-07,"1318","N","VIIRS","n",1,279.83,3.06,"1",0,2020,11,4
"402",56.839039,-2.890273,326.11,0.4,0.44,2020-11-07,"1318","N","VIIRS","n",1,277.67,3.63,"1",0,2020,11,4
"403",53.399254,-1.387442,305.25,0.43,0.38,2020-11-10,"0230","N","VIIRS","n",1,279.3,1.33,"0",2,2020,11,4
"404",51.397358,-3.395614,303.94,0.41,0.37,2020-11-10,"0230","N","VIIRS","n",1,281.79,0.98,"0",2,2020,11,4
"405",56.002586,-3.691695,327.71,0.47,0.4,2020-11-10,"1218","N","VIIRS","n",1,283.95,2.05,"1",2,2020,11,4
"406",55.528809,-2.20372,355.95,0.44,0.38,2020-11-10,"1218","N","VIIRS","n",1,288.48,17.2,"1",0,2020,11,4
"407",55.527187,-2.205112,345.16,0.55,0.68,2020-11-10,"1400","N","VIIRS","n",1,281.48,6.07,"1",0,2020,11,4
"408",55.526684,-2.20432,342.65,0.55,0.68,2020-11-10,"1400","N","VIIRS","n",1,281.23,6.77,"1",0,2020,11,4
"409",53.569214,-0.596141,324.35,0.38,0.36,2020-11-11,"0212","N","VIIRS","n",1,281.31,2.49,"0",3,2020,11,4
"410",53.633846,-0.242929,321.59,0.38,0.36,2020-11-11,"0212","N","VIIRS","n",1,282.79,1.72,"0",2,2020,11,4
"411",51.752075,0.093685,311.75,0.39,0.36,2020-11-11,"0212","N","VIIRS","n",1,275.78,2.33,"0",0,2020,11,4
"412",53.634758,-0.248629,300.33,0.38,0.36,2020-11-11,"0212","N","VIIRS","n",1,284.22,1.72,"0",2,2020,11,4
"413",51.748817,0.092225,326.76,0.39,0.36,2020-11-11,"0212","N","VIIRS","n",1,274.6,2.33,"0",0,2020,11,4
"414",53.586658,-0.618882,314.55,0.38,0.36,2020-11-11,"0212","N","VIIRS","n",1,281.51,1.64,"0",3,2020,11,4
"415",53.579281,-0.616061,306.76,0.38,0.36,2020-11-11,"0212","N","VIIRS","n",1,279.9,1.12,"0",3,2020,11,4
"416",53.567192,-0.597417,323.52,0.38,0.36,2020-11-11,"0212","N","VIIRS","n",1,282.58,2.17,"0",2,2020,11,4
"417",53.568092,-0.603113,313.84,0.38,0.36,2020-11-11,"0212","N","VIIRS","n",1,280.84,1.44,"0",3,2020,11,4
"418",53.568321,-0.590441,305.52,0.38,0.36,2020-11-11,"0212","N","VIIRS","n",1,279.41,0.48,"0",2,2020,11,4
"419",53.580173,-0.621763,305.79,0.38,0.36,2020-11-11,"0212","N","VIIRS","n",1,279.42,1.12,"0",3,2020,11,4
"420",53.563953,-0.598859,324.73,0.38,0.36,2020-11-11,"0212","N","VIIRS","n",1,280.07,2.17,"0",2,2020,11,4
"421",53.566299,-0.591721,317.91,0.38,0.36,2020-11-11,"0212","N","VIIRS","n",1,279.9,2.17,"0",2,2020,11,4
"422",53.336338,-1.751099,307.35,0.48,0.4,2020-11-12,"0154","N","VIIRS","n",1,279.98,1.41,"0",0,2020,11,4
"423",51.477249,-3.135389,298.97,0.51,0.41,2020-11-12,"0154","N","VIIRS","n",1,280.28,0.99,"0",3,2020,11,4
"424",51.564358,-3.76493,299.83,0.54,0.42,2020-11-12,"0154","N","VIIRS","n",1,278.19,1.96,"0",2,2020,11,4
"425",53.456116,-1.31818,330.63,0.47,0.4,2020-11-12,"0154","N","VIIRS","n",1,280.13,5.27,"0",2,2020,11,4
"426",51.568954,-3.771729,308.51,0.54,0.42,2020-11-12,"0154","N","VIIRS","n",1,279.78,2.84,"0",2,2020,11,4
"427",51.568226,-3.763959,300.71,0.54,0.42,2020-11-12,"0154","N","VIIRS","n",1,277.99,1.67,"0",2,2020,11,4
"428",53.396996,-1.387909,330.61,0.47,0.4,2020-11-12,"0154","N","VIIRS","n",1,280.28,3.96,"0",2,2020,11,4
"429",50.831093,-1.36729,295.06,0.44,0.38,2020-11-12,"0154","N","VIIRS","n",1,283.39,0.84,"0",2,2020,11,4
"430",51.322548,0.532987,297.4,0.4,0.37,2020-11-12,"0154","N","VIIRS","n",1,280.32,0.5,"0",0,2020,11,4
"431",52.63969,-0.549686,295.17,0.44,0.38,2020-11-12,"0154","N","VIIRS","n",1,280.2,0.43,"0",0,2020,11,4
"432",53.448883,-1.32044,321.01,0.47,0.4,2020-11-12,"0154","N","VIIRS","n",1,281.33,2.28,"0",2,2020,11,4
"433",53.449478,-1.3208,316.56,0.47,0.4,2020-11-12,"0154","N","VIIRS","n",1,281.42,1.95,"0",2,2020,11,4
"434",51.577431,-3.77756,300.7,0.54,0.42,2020-11-12,"0154","N","VIIRS","n",1,281.15,1.59,"0",2,2020,11,4
"435",56.002537,-3.693001,321.17,0.33,0.55,2020-11-12,"0330","N","VIIRS","n",1,278.14,6.02,"0",2,2020,11,4
"436",55.999653,-3.683744,297.15,0.33,0.55,2020-11-12,"0330","N","VIIRS","n",1,277.74,3.41,"0",0,2020,11,4
"437",56.001083,-3.688331,367,0.33,0.55,2020-11-12,"0330","N","VIIRS","h",1,281.2,3.41,"0",0,2020,11,4
"438",53.63353,-0.2422,304.25,0.52,0.67,2020-11-12,"0330","N","VIIRS","n",1,281.1,1.53,"0",2,2020,11,4
"439",53.633942,-0.24499,302.72,0.52,0.67,2020-11-12,"0330","N","VIIRS","n",1,281.78,1.97,"0",2,2020,11,4
"440",51.56612,-3.764289,298.69,0.47,0.64,2020-11-12,"0336","N","VIIRS","n",1,278.02,3.45,"0",2,2020,11,4
"441",51.900059,-1.341676,325.43,0.46,0.47,2020-11-12,"1324","N","VIIRS","n",1,281.45,2.52,"1",0,2020,11,4
"442",54.616486,-1.187325,304.32,0.47,0.47,2020-11-13,"0136","N","VIIRS","n",1,264.64,2.52,"0",3,2020,11,4
"443",56.002323,-3.69012,296.63,0.6,0.53,2020-11-13,"0136","N","VIIRS","n",1,279.13,0.75,"0",2,2020,11,4
"444",54.619007,-1.182484,308.72,0.61,0.53,2020-11-13,"0312","N","VIIRS","n",1,275.26,2.65,"0",3,2020,11,4
"445",56.004616,-3.688756,307.7,0.45,0.47,2020-11-13,"0312","N","VIIRS","n",1,278.57,1.26,"0",2,2020,11,4
"446",53.565819,-0.600587,334.03,0.44,0.62,2020-11-13,"1124","N","VIIRS","n",1,282.55,3.79,"1",2,2020,11,4
"447",53.567875,-0.594495,338.71,0.44,0.62,2020-11-13,"1124","N","VIIRS","n",1,283.33,6.48,"1",2,2020,11,4
"448",53.567348,-0.596429,344.5,0.44,0.62,2020-11-13,"1124","N","VIIRS","n",1,283.32,7.06,"1",2,2020,11,4
"449",53.565441,-0.596732,326.71,0.51,0.41,2020-11-13,"1306","N","VIIRS","n",1,283.81,6.9,"1",3,2020,11,4
"450",56.001095,-3.691697,302.17,0.39,0.36,2020-11-15,"0236","N","VIIRS","n",1,279.15,1.09,"0",0,2020,11,4
"451",56.003265,-3.683793,325.7,0.39,0.36,2020-11-15,"0236","N","VIIRS","n",1,280.41,2.95,"0",0,2020,11,4
"452",56.000034,-3.685605,305.12,0.39,0.36,2020-11-15,"0236","N","VIIRS","n",1,278.62,1.09,"0",0,2020,11,4
"453",56.004322,-3.689875,327.53,0.39,0.36,2020-11-15,"0236","N","VIIRS","n",1,279.54,2.95,"0",2,2020,11,4
"454",53.449696,-1.322201,328.82,0.42,0.37,2020-11-15,"1224","N","VIIRS","n",1,283.47,3.2,"1",2,2020,11,4
"455",53.451599,-1.321276,327.75,0.42,0.37,2020-11-15,"1224","N","VIIRS","n",1,283.82,3.24,"1",2,2020,11,4
"456",53.568005,-0.6004,333.25,0.4,0.37,2020-11-15,"1224","N","VIIRS","n",1,285.44,4.47,"1",3,2020,11,4
"457",53.569069,-0.594455,337.46,0.4,0.37,2020-11-15,"1224","N","VIIRS","n",1,284.42,4.47,"1",3,2020,11,4
"458",53.447838,-1.323898,300.57,0.39,0.36,2020-11-16,"0218","N","VIIRS","n",1,277.53,1.04,"0",2,2020,11,4
"459",53.451073,-1.322393,300.25,0.39,0.36,2020-11-16,"0218","N","VIIRS","n",1,277.12,0.87,"0",2,2020,11,4
"460",53.782135,-1.740165,298.01,0.74,0.76,2020-11-16,"0400","N","VIIRS","n",1,278.62,16.82,"0",0,2020,11,4
"461",53.789459,-1.748135,308.03,0.74,0.76,2020-11-16,"0400","N","VIIRS","n",1,275.62,10.07,"0",0,2020,11,4
"462",55.999634,-3.686285,301.08,0.52,0.67,2020-11-16,"0400","N","VIIRS","n",1,277.75,1.7,"0",0,2020,11,4
"463",53.785679,-1.739249,298.82,0.74,0.76,2020-11-16,"0400","N","VIIRS","n",1,278.74,10.07,"0",0,2020,11,4
"464",53.779938,-1.746548,338.66,0.74,0.76,2020-11-16,"0400","N","VIIRS","n",1,278.22,10.07,"0",0,2020,11,4
"465",53.7859,-1.748879,367,0.74,0.76,2020-11-16,"0400","N","VIIRS","h",1,283.44,16.82,"0",0,2020,11,4
"466",53.789951,-1.75827,296.57,0.74,0.76,2020-11-16,"0400","N","VIIRS","n",1,275.43,19.26,"0",0,2020,11,4
"467",53.783871,-1.755778,367,0.74,0.76,2020-11-16,"0400","N","VIIRS","h",1,277.89,10.07,"0",0,2020,11,4
"468",51.39642,-3.392061,297.88,0.46,0.47,2020-11-18,"0142","N","VIIRS","n",1,282.93,0.76,"0",0,2020,11,4
"469",53.566044,-0.597723,311.37,0.4,0.6,2020-11-18,"0318","N","VIIRS","n",1,281.91,1.57,"0",2,2020,11,4
"470",53.568031,-0.603355,324.26,0.4,0.6,2020-11-18,"0318","N","VIIRS","n",1,281.51,2.58,"0",3,2020,11,4
"471",53.567791,-0.603095,321.6,0.4,0.6,2020-11-18,"0318","N","VIIRS","n",1,281.18,2.92,"0",2,2020,11,4
"472",53.564342,-0.592505,308.58,0.4,0.6,2020-11-18,"0318","N","VIIRS","n",1,280.9,1.57,"0",0,2020,11,4
"473",53.633572,-0.242409,307.38,0.4,0.6,2020-11-18,"0318","N","VIIRS","n",1,283.83,1.81,"0",2,2020,11,4
"474",53.569271,-0.588061,300.25,0.4,0.6,2020-11-18,"0318","N","VIIRS","n",1,280.71,0.97,"0",0,2020,11,4
"475",53.569477,-0.588393,300.47,0.4,0.6,2020-11-18,"0318","N","VIIRS","n",1,280.54,0.85,"0",0,2020,11,4
"476",53.566265,-0.598015,307.92,0.4,0.6,2020-11-18,"0318","N","VIIRS","n",1,281.91,2.58,"0",3,2020,11,4
"477",53.564545,-0.592819,305.7,0.4,0.6,2020-11-18,"0318","N","VIIRS","n",1,281.07,0.85,"0",0,2020,11,4
"478",53.734489,-0.23794,299.83,0.4,0.6,2020-11-18,"0318","N","VIIRS","n",1,280.63,0.92,"0",3,2020,11,4
"479",53.634441,-0.246182,302.33,0.56,0.51,2020-11-19,"0124","N","VIIRS","n",1,282.37,1.79,"0",2,2020,11,4
"480",53.569019,-0.602907,323.52,0.53,0.5,2020-11-19,"0300","N","VIIRS","n",1,276.18,3.11,"0",3,2020,11,4
"481",53.56699,-0.59553,307.11,0.53,0.5,2020-11-19,"0300","N","VIIRS","n",1,278.96,2.65,"0",2,2020,11,4
"482",53.63533,-0.241873,298.76,0.55,0.51,2020-11-19,"0300","N","VIIRS","n",1,280.2,1.6,"0",2,2020,11,4
"483",60.457851,-1.25969,310.39,0.74,0.76,2020-11-19,"0442","N","VIIRS","n",1,269.85,2.12,"0",0,2020,11,4
"484",54.336067,-1.661782,340.43,0.57,0.69,2020-11-19,"1112","N","VIIRS","n",1,276.33,7.15,"1",0,2020,11,4
"485",51.56789,-3.774275,329.4,0.38,0.36,2020-11-19,"1248","N","VIIRS","n",1,285.22,4.01,"1",2,2020,11,4
"486",51.566261,-3.771085,329.33,0.38,0.36,2020-11-19,"1248","N","VIIRS","n",1,285.08,2.78,"1",3,2020,11,4
"487",54.337318,-1.65898,330.98,0.41,0.37,2020-11-19,"1254","N","VIIRS","n",1,278.31,2.89,"1",0,2020,11,4
"488",53.568783,-0.591084,328.03,0.42,0.38,2020-11-19,"1254","N","VIIRS","n",1,280.13,5.22,"1",3,2020,11,4
"489",53.564491,-0.604067,295.94,0.45,0.63,2020-11-20,"0100","N","VIIRS","n",1,271.23,3.56,"0",3,2020,11,4
"490",53.45155,-1.323383,298.59,0.49,0.65,2020-11-20,"0100","N","VIIRS","n",1,271.89,0.76,"0",2,2020,11,4
"491",53.564445,-0.59681,317.62,0.45,0.63,2020-11-20,"0100","N","VIIRS","n",1,273.02,2.7,"0",3,2020,11,4
"492",53.396603,-1.390102,297.98,0.49,0.65,2020-11-20,"0100","N","VIIRS","n",1,272.41,0.84,"0",0,2020,11,4
"493",53.570362,-0.596643,312.63,0.45,0.63,2020-11-20,"0100","N","VIIRS","n",1,273.52,2.7,"0",3,2020,11,4
"494",53.567852,-0.600769,313.13,0.45,0.63,2020-11-20,"0100","N","VIIRS","n",1,274.53,2.75,"0",3,2020,11,4
"495",53.567772,-0.593444,340.33,0.45,0.63,2020-11-20,"0100","N","VIIRS","n",1,275.09,2.75,"0",3,2020,11,4
"496",53.453857,-1.315521,316.24,0.52,0.41,2020-11-20,"0242","N","VIIRS","n",1,272.52,2.58,"0",0,2020,11,4
"497",53.633118,-0.244733,307.17,0.56,0.43,2020-11-20,"0242","N","VIIRS","n",1,279.43,2.33,"0",2,2020,11,4
"498",53.567654,-0.603457,311.35,0.54,0.42,2020-11-20,"0242","N","VIIRS","n",1,273.63,3.47,"0",2,2020,11,4
"499",53.565872,-0.595729,328.2,0.54,0.42,2020-11-20,"0242","N","VIIRS","n",1,275.57,3.47,"0",2,2020,11,4
"500",52.641087,-0.548399,299.1,0.38,0.43,2020-11-20,"0242","N","VIIRS","n",1,275.01,0.77,"0",2,2020,11,4
"501",53.44828,-1.327503,296.13,0.52,0.41,2020-11-20,"0242","N","VIIRS","n",1,271,1.21,"0",2,2020,11,4
"502",53.56955,-0.593332,318.63,0.54,0.42,2020-11-20,"0242","N","VIIRS","n",1,273.86,2.95,"0",3,2020,11,4
"503",57.583298,-1.838967,302.54,0.42,0.38,2020-11-20,"0242","N","VIIRS","n",1,270.47,0.75,"0",0,2020,11,4
"504",53.456207,-1.316033,313.05,0.52,0.41,2020-11-20,"0242","N","VIIRS","n",1,272.92,1.71,"0",2,2020,11,4
"505",53.339863,-1.752164,297.46,0.39,0.37,2020-11-21,"0224","N","VIIRS","n",1,272.06,0.56,"0",2,2020,11,4
"506",53.581745,-0.620762,297.4,0.39,0.36,2020-11-22,"0206","N","VIIRS","n",1,279.2,0.63,"0",3,2020,11,4
"507",51.570091,-3.766537,331.17,0.43,0.38,2020-11-22,"0206","N","VIIRS","n",1,281.42,2.97,"0",2,2020,11,4
"508",51.478848,-3.134881,298.2,0.41,0.37,2020-11-22,"0206","N","VIIRS","n",1,280.62,0.55,"0",3,2020,11,4
"509",53.633789,-0.2471,299.18,0.39,0.36,2020-11-22,"0206","N","VIIRS","n",1,276.8,1.02,"0",2,2020,11,4
"510",53.568539,-0.601385,332.51,0.39,0.36,2020-11-22,"0206","N","VIIRS","n",1,280.47,1.98,"0",3,2020,11,4
"511",51.567505,-3.773797,326.26,0.43,0.38,2020-11-22,"0206","N","VIIRS","n",1,282.87,4.49,"0",3,2020,11,4
"512",53.588326,-0.618097,305.3,0.39,0.36,2020-11-22,"0206","N","VIIRS","n",1,279.73,1.18,"0",3,2020,11,4
"513",51.567379,-3.773814,328.58,0.43,0.38,2020-11-22,"0206","N","VIIRS","n",1,283.06,4.38,"0",3,2020,11,4
"514",51.562408,-3.762592,295.18,0.43,0.38,2020-11-22,"0206","N","VIIRS","n",1,280.12,2.17,"0",2,2020,11,4
"515",51.562504,-3.762583,295.67,0.43,0.38,2020-11-22,"0206","N","VIIRS","n",1,280.27,0.79,"0",2,2020,11,4
"516",53.570988,-0.594197,297.65,0.39,0.36,2020-11-22,"0206","N","VIIRS","n",1,277.73,0.82,"0",3,2020,11,4
"517",53.786377,-1.750106,295.54,0.41,0.37,2020-11-22,"0206","N","VIIRS","n",1,274.68,0.66,"0",0,2020,11,4
"518",53.337765,-1.754497,302.25,0.4,0.37,2020-11-22,"0206","N","VIIRS","n",1,278.35,0.77,"0",2,2020,11,4
"519",53.56937,-0.607233,301.41,0.39,0.36,2020-11-22,"0206","N","VIIRS","n",1,277.52,1.98,"0",3,2020,11,4
"520",51.578526,-3.776675,295.34,0.43,0.38,2020-11-22,"0206","N","VIIRS","n",1,281.39,0.9,"0",2,2020,11,4
"521",53.565247,-0.60272,295.43,0.39,0.36,2020-11-22,"0206","N","VIIRS","n",1,277.45,1.57,"0",2,2020,11,4
"522",53.567699,-0.595527,313.3,0.39,0.36,2020-11-22,"0206","N","VIIRS","n",1,280.7,0.82,"0",3,2020,11,4
"523",51.566738,-3.767639,338.33,0.43,0.38,2020-11-22,"0206","N","VIIRS","n",1,282.68,4.49,"0",3,2020,11,4
"524",51.566624,-3.76765,335.48,0.43,0.38,2020-11-22,"0206","N","VIIRS","n",1,282.32,2.17,"0",2,2020,11,4
"525",51.683842,-5.031222,298.54,0.46,0.39,2020-11-22,"0206","N","VIIRS","n",1,283.79,1.74,"0",2,2020,11,4
"526",53.564411,-0.596866,325.17,0.39,0.36,2020-11-22,"0206","N","VIIRS","n",1,279.05,1.7,"0",2,2020,11,4
"527",51.571835,-3.766984,314.04,0.61,0.71,2020-11-22,"0348","N","VIIRS","n",1,277.68,3.37,"0",2,2020,11,4
"528",51.563198,-3.764701,298.26,0.61,0.71,2020-11-22,"0348","N","VIIRS","n",1,278.28,3.24,"0",2,2020,11,4
"529",51.566162,-3.772571,309.91,0.61,0.71,2020-11-22,"0348","N","VIIRS","n",1,279.64,3.37,"0",2,2020,11,4
"530",51.563869,-3.768612,297.64,0.61,0.71,2020-11-22,"0348","N","VIIRS","n",1,278.43,1.79,"0",2,2020,11,4
"531",53.569,-0.598434,311.27,0.65,0.73,2020-11-22,"0348","N","VIIRS","n",1,266.09,3.7,"0",3,2020,11,4
"532",51.569553,-3.763056,314.2,0.61,0.71,2020-11-22,"0348","N","VIIRS","n",1,277.92,1.79,"0",2,2020,11,4
"533",51.572544,-3.770887,299.68,0.61,0.71,2020-11-22,"0348","N","VIIRS","n",1,277.8,1.79,"0",2,2020,11,4
"534",51.561188,-3.761192,328.15,0.34,0.56,2020-11-22,"1154","N","VIIRS","n",1,282.21,1.91,"1",2,2020,11,4
"535",51.570698,-3.768402,335.48,0.34,0.56,2020-11-22,"1154","N","VIIRS","n",1,282.39,5.78,"1",2,2020,11,4
"536",53.56712,-0.591732,336.64,0.45,0.47,2020-11-22,"1154","N","VIIRS","n",1,281.46,7.06,"1",3,2020,11,4
"537",53.567993,-0.602988,333.94,0.35,0.56,2020-11-22,"1336","N","VIIRS","n",1,277.08,4.52,"1",2,2020,11,4
"538",53.634777,-0.246219,305.74,0.49,0.4,2020-11-23,"0148","N","VIIRS","n",1,281.34,2.19,"0",2,2020,11,4
"539",54.952362,-1.635022,309.77,0.56,0.43,2020-11-23,"0148","N","VIIRS","n",1,273.98,2.04,"0",0,2020,11,4
"540",53.564251,-0.596507,302.71,0.5,0.41,2020-11-23,"0148","N","VIIRS","n",1,274.48,3.62,"0",2,2020,11,4
"541",53.567982,-0.595412,329.64,0.5,0.41,2020-11-23,"0148","N","VIIRS","n",1,278.65,3.62,"0",2,2020,11,4
"542",51.570709,-3.772493,296.99,0.41,0.45,2020-11-23,"0148","N","VIIRS","n",1,273.05,3.73,"0",2,2020,11,4
"543",51.566082,-3.767404,317.66,0.41,0.45,2020-11-23,"0148","N","VIIRS","n",1,275.2,2.1,"0",2,2020,11,4
"544",51.570225,-3.7665,314.17,0.41,0.45,2020-11-23,"0148","N","VIIRS","n",1,274.56,2.1,"0",2,2020,11,4
"545",53.568768,-0.603022,322.68,0.5,0.41,2020-11-23,"0148","N","VIIRS","n",1,276.05,3.16,"0",3,2020,11,4
"546",53.580971,-0.616869,306.57,0.5,0.41,2020-11-23,"0148","N","VIIRS","n",1,276.49,1.37,"0",3,2020,11,4
"547",51.561459,-3.762326,318.47,0.41,0.45,2020-11-23,"0148","N","VIIRS","n",1,270.13,2.71,"0",2,2020,11,4
"548",53.336906,-1.752493,295.73,0.54,0.42,2020-11-23,"0148","N","VIIRS","n",1,275.4,1.1,"0",2,2020,11,4
"549",53.63274,-0.240889,303.28,0.46,0.63,2020-11-23,"0324","N","VIIRS","n",1,277.08,2.06,"0",0,2020,11,4
"550",53.569122,-0.60147,320.62,0.45,0.63,2020-11-23,"0324","N","VIIRS","n",1,274.77,3.36,"0",3,2020,11,4
"551",53.567062,-0.595542,315.49,0.45,0.63,2020-11-23,"0324","N","VIIRS","n",1,275.8,3.31,"0",3,2020,11,4
"552",54.101952,-3.184264,295.14,0.35,0.57,2020-11-23,"0324","N","VIIRS","n",1,274.54,0.27,"0",3,2020,11,4
"553",53.634384,-0.241741,307.6,0.46,0.64,2020-11-23,"0324","N","VIIRS","n",1,278.61,1.64,"0",2,2020,11,4
"554",53.564934,-0.593557,297.49,0.5,0.49,2020-11-24,"0130","N","VIIRS","n",1,260.95,1.18,"0",2,2020,11,4
"555",53.569473,-0.592765,299.78,0.5,0.49,2020-11-24,"0130","N","VIIRS","n",1,260.16,1.18,"0",2,2020,11,4
"556",52.639511,-0.546975,299.42,0.33,0.55,2020-11-24,"0306","N","VIIRS","n",1,279.85,0.59,"0",0,2020,11,4
"557",53.634193,-0.247548,301.86,0.38,0.59,2020-11-25,"0106","N","VIIRS","n",1,279.61,0.79,"0",2,2020,11,4
"558",53.564831,-0.594499,301.9,0.39,0.59,2020-11-25,"0106","N","VIIRS","n",1,271.31,1.07,"0",2,2020,11,4
"559",53.634068,-0.241678,295.08,0.38,0.59,2020-11-25,"0106","N","VIIRS","n",1,277.04,0.79,"0",2,2020,11,4
"560",53.634113,-0.247554,302.78,0.38,0.59,2020-11-25,"0106","N","VIIRS","n",1,280.41,1.79,"0",2,2020,11,4
"561",53.570381,-0.594121,301.09,0.39,0.59,2020-11-25,"0106","N","VIIRS","n",1,270.61,0.66,"0",3,2020,11,4
"562",53.633957,-0.24169,297.44,0.38,0.59,2020-11-25,"0106","N","VIIRS","n",1,277.24,1,"0",2,2020,11,4
"563",53.565254,-0.594236,295.78,0.41,0.45,2020-11-25,"0248","N","VIIRS","n",1,275.93,0.8,"0",2,2020,11,4
"564",54.389111,-5.747355,303.63,0.42,0.38,2020-11-25,"0248","N","VIIRS","n",1,274.05,0.8,"0",0,2020,11,4
"565",53.570526,-0.597331,295.94,0.41,0.45,2020-11-25,"0248","N","VIIRS","n",1,277.94,1.29,"0",3,2020,11,4
"566",53.566662,-0.599986,295.24,0.41,0.45,2020-11-25,"0248","N","VIIRS","n",1,278.84,0.8,"0",2,2020,11,4
"567",51.568043,-3.76837,325.66,0.42,0.38,2020-11-25,"1236","N","VIIRS","n",1,281.68,2.42,"1",2,2020,11,4
"568",51.578129,-3.773238,327,0.42,0.38,2020-11-25,"1236","N","VIIRS","n",1,285.29,2.84,"1",2,2020,11,4
"569",53.568073,-0.59326,300.03,0.61,0.71,2020-11-26,"0048","N","VIIRS","n",1,256.04,0.43,"0",3,2020,11,4
"570",53.569798,-0.592255,305.81,0.44,0.38,2020-11-26,"0230","N","VIIRS","n",1,268.75,1.32,"0",3,2020,11,4
"571",51.396587,-3.391645,297.94,0.41,0.37,2020-11-26,"0230","N","VIIRS","n",1,273.95,1.1,"0",0,2020,11,4
"572",51.577137,-3.775139,310.4,0.4,0.37,2020-11-26,"0230","N","VIIRS","n",1,277.73,1.47,"0",2,2020,11,4
"573",53.448383,-1.324244,315.87,0.43,0.38,2020-11-26,"0230","N","VIIRS","n",1,271.46,1.57,"0",2,2020,11,4
"574",53.567688,-0.600531,311.82,0.44,0.38,2020-11-26,"0230","N","VIIRS","n",1,270.88,2.05,"0",2,2020,11,4
"575",53.149681,-3.06342,301.29,0.4,0.37,2020-11-26,"0230","N","VIIRS","n",1,274.02,0.51,"0",0,2020,11,4
"576",51.56525,-3.768417,299.74,0.4,0.37,2020-11-26,"0230","N","VIIRS","n",1,275.96,1.17,"0",2,2020,11,4
"577",51.56955,-3.772547,295.01,0.4,0.37,2020-11-26,"0230","N","VIIRS","n",1,275.43,0.65,"0",2,2020,11,4
"578",53.56641,-0.594172,326.98,0.44,0.38,2020-11-26,"0230","N","VIIRS","n",1,270.69,2.05,"0",2,2020,11,4
"579",51.683743,-5.029401,302.53,0.39,0.36,2020-11-26,"0230","N","VIIRS","n",1,283.98,1.33,"0",3,2020,11,4
"580",51.560947,-3.764294,300.36,0.4,0.37,2020-11-26,"0230","N","VIIRS","n",1,274.02,1.17,"0",2,2020,11,4
"581",53.563019,-0.59607,297.45,0.44,0.38,2020-11-26,"0230","N","VIIRS","n",1,268.06,2.05,"0",2,2020,11,4
"582",51.562992,-3.768691,337.76,0.39,0.44,2020-11-26,"1218","N","VIIRS","n",1,283.56,2.74,"1",3,2020,11,4
"583",51.397732,-3.393815,306.36,0.39,0.36,2020-11-27,"0212","N","VIIRS","n",1,274.18,1.1,"0",2,2020,11,4
"584",51.566738,-3.772401,321.38,0.4,0.37,2020-11-27,"0212","N","VIIRS","n",1,279.85,2.12,"0",3,2020,11,4
"585",53.632668,-0.243206,300.83,0.38,0.36,2020-11-27,"0212","N","VIIRS","n",1,276.89,1.26,"0",2,2020,11,4
"586",51.562618,-3.767874,330.23,0.4,0.37,2020-11-27,"0212","N","VIIRS","n",1,276.64,3.4,"0",2,2020,11,4
"587",51.560459,-3.76484,313.02,0.69,0.74,2020-11-27,"0354","N","VIIRS","n",1,262.13,3.12,"0",2,2020,11,4
"588",53.632759,-0.2435,295.22,0.74,0.76,2020-11-27,"0354","N","VIIRS","n",1,276.83,2.44,"0",2,2020,11,4
"589",53.566311,-0.592816,338.3,0.4,0.44,2020-11-27,"1200","N","VIIRS","n",1,278.16,4.51,"1",2,2020,11,4
"590",53.570217,-0.59122,325.97,0.4,0.44,2020-11-27,"1200","N","VIIRS","n",1,277.54,3.26,"1",3,2020,11,4
"591",54.078995,-6.402162,297.48,0.48,0.48,2020-11-28,"0154","N","VIIRS","n",1,271.99,0.45,"0",0,2020,11,4
"592",53.225235,-0.294405,303.74,0.54,0.68,2020-11-28,"0330","N","VIIRS","n",1,270.99,0.96,"0",0,2020,11,4
"593",53.230659,-0.288917,300.43,0.54,0.68,2020-11-28,"0330","N","VIIRS","n",1,271.63,0.96,"0",0,2020,11,4
"594",53.226479,-0.288643,313.4,0.54,0.68,2020-11-28,"0330","N","VIIRS","n",1,271.66,3.25,"0",0,2020,11,4
"595",51.68515,-5.016029,308.93,0.63,0.54,2020-11-29,"0136","N","VIIRS","n",1,276.39,2.75,"0",3,2020,11,4
"596",51.566486,-3.770791,308.75,0.56,0.51,2020-11-29,"0136","N","VIIRS","n",1,266.77,2.62,"0",3,2020,11,4
"597",51.682072,-5.014347,318.11,0.63,0.54,2020-11-29,"0136","N","VIIRS","n",1,274.97,4.17,"0",3,2020,11,4
"598",51.561279,-3.763315,310.87,0.56,0.51,2020-11-29,"0136","N","VIIRS","n",1,266.01,2.62,"0",3,2020,11,4
"599",51.565079,-3.761842,296.89,0.62,0.54,2020-11-29,"0312","N","VIIRS","n",1,271.61,1.43,"0",2,2020,11,4
"600",51.567463,-3.770139,295.51,0.61,0.54,2020-11-29,"0312","N","VIIRS","n",1,271.9,2.45,"0",2,2020,11,4
"601",51.560539,-3.765238,306.2,0.62,0.54,2020-11-29,"0312","N","VIIRS","n",1,271.03,2.88,"0",2,2020,11,4
"602",53.633755,-0.239809,299.45,0.33,0.55,2020-11-30,"0112","N","VIIRS","n",1,278.98,0.74,"0",2,2020,11,4
"603",53.633949,-0.244814,301.47,0.33,0.55,2020-11-30,"0112","N","VIIRS","n",1,280.71,0.74,"0",2,2020,11,4
"604",53.568272,-0.595698,296.81,0.47,0.47,2020-11-30,"0254","N","VIIRS","n",1,275.52,1.28,"0",3,2020,11,4
"605",53.635582,-0.244284,305.79,0.48,0.48,2020-11-30,"0254","N","VIIRS","n",1,280.71,2.4,"0",2,2020,11,4
"606",53.337063,-1.752461,300.08,0.59,0.7,2020-12-01,"0054","N","VIIRS","n",1,275.1,1.15,"0",2,2020,12,4
"607",53.566799,-0.599812,309.73,0.53,0.67,2020-12-01,"0054","N","VIIRS","n",1,276.73,2.64,"0",2,2020,12,4
"608",53.569439,-0.594755,296.44,0.53,0.67,2020-12-01,"0054","N","VIIRS","n",1,275.06,1.61,"0",2,2020,12,4
"609",53.338501,-1.751154,295.3,0.45,0.39,2020-12-01,"0236","N","VIIRS","n",1,267.57,0.7,"0",0,2020,12,4
"610",53.337387,-1.751042,297.18,0.45,0.39,2020-12-01,"0236","N","VIIRS","n",1,267.22,0.87,"0",0,2020,12,4
"611",53.586353,-0.616655,297.73,0.48,0.4,2020-12-01,"0236","N","VIIRS","n",1,269.98,1.09,"0",3,2020,12,4
"612",53.450916,-1.319415,299.11,0.46,0.39,2020-12-01,"0236","N","VIIRS","n",1,275.6,0.97,"0",2,2020,12,4
"613",53.457836,-1.31534,302.21,0.46,0.39,2020-12-01,"0236","N","VIIRS","n",1,274.53,0.79,"0",0,2020,12,4
"614",51.565994,-3.772533,305.89,0.43,0.38,2020-12-01,"0236","N","VIIRS","n",1,257.35,1.25,"0",3,2020,12,4
"615",53.566269,-0.597206,327.27,0.48,0.4,2020-12-01,"0236","N","VIIRS","n",1,274.68,4.04,"0",2,2020,12,4
"616",52.42749,-1.739062,296.34,0.47,0.4,2020-12-01,"0236","N","VIIRS","n",1,273.11,0.69,"0",0,2020,12,4
"617",51.568199,-3.764794,306.27,0.43,0.38,2020-12-01,"0236","N","VIIRS","n",1,258.41,1.65,"0",2,2020,12,4
"618",51.684998,-5.012925,333.1,0.41,0.37,2020-12-01,"0236","N","VIIRS","n",1,275.73,7.7,"0",3,2020,12,4
"619",53.635235,-0.243503,301.61,0.49,0.41,2020-12-01,"0236","N","VIIRS","n",1,278.76,2,"0",2,2020,12,4
"620",53.569786,-0.595085,304.01,0.48,0.4,2020-12-01,"0236","N","VIIRS","n",1,273.86,1.06,"0",3,2020,12,4
"621",51.681705,-5.014508,304.12,0.41,0.37,2020-12-01,"0236","N","VIIRS","n",1,271.05,1.16,"0",0,2020,12,4
"622",53.454376,-1.317378,300.56,0.46,0.39,2020-12-01,"0236","N","VIIRS","n",1,273.53,0.79,"0",0,2020,12,4
"623",53.447449,-1.321427,316.95,0.46,0.39,2020-12-01,"0236","N","VIIRS","n",1,274.95,0.97,"0",0,2020,12,4
"624",53.572422,-0.612607,328.15,0.4,0.37,2020-12-01,"1224","N","VIIRS","n",1,276.47,4.77,"1",3,2020,12,4
"625",53.571461,-0.609728,305.63,0.39,0.36,2020-12-02,"0218","N","VIIRS","n",1,268.19,0.85,"0",3,2020,12,4
"626",51.56464,-3.76435,296.8,0.48,0.48,2020-12-04,"0142","N","VIIRS","n",1,275.43,1.69,"0",2,2020,12,4
"627",51.565109,-3.771322,308.63,0.48,0.48,2020-12-04,"0142","N","VIIRS","n",1,277.23,2.86,"0",2,2020,12,4
"628",51.560192,-3.765159,297.41,0.48,0.48,2020-12-04,"0142","N","VIIRS","n",1,273.09,1.1,"0",2,2020,12,4
"629",51.577263,-3.772742,308.42,0.46,0.47,2020-12-05,"0300","N","VIIRS","n",1,278.13,1.57,"0",2,2020,12,4
"630",53.632328,-0.240742,303.28,0.54,0.51,2020-12-05,"0300","N","VIIRS","n",1,273.4,1.26,"0",2,2020,12,4
"631",51.561783,-3.768182,302.42,0.46,0.47,2020-12-05,"0300","N","VIIRS","n",1,274.35,2.04,"0",2,2020,12,4
"632",53.570023,-0.596727,329.93,0.56,0.69,2020-12-05,"1112","N","VIIRS","n",1,276.64,8.18,"1",3,2020,12,4
"633",53.567162,-0.604279,330.26,0.56,0.69,2020-12-05,"1112","N","VIIRS","n",1,276.61,5.95,"1",2,2020,12,4
"634",53.564125,-0.598307,329.71,0.42,0.38,2020-12-05,"1248","N","VIIRS","n",1,279.9,5.3,"1",2,2020,12,4
"635",53.568321,-0.593215,330.74,0.42,0.38,2020-12-05,"1248","N","VIIRS","n",1,281.83,5.3,"1",2,2020,12,4
"636",51.567131,-3.767905,313.38,0.61,0.71,2020-12-06,"0100","N","VIIRS","n",1,274.56,3.06,"0",2,2020,12,4
"637",51.558201,-3.765665,295.38,0.61,0.71,2020-12-06,"0100","N","VIIRS","n",1,271.73,2.34,"0",3,2020,12,4
"638",51.560463,-3.767812,309.2,0.61,0.71,2020-12-06,"0100","N","VIIRS","n",1,273.29,3.47,"0",2,2020,12,4
"639",51.571537,-3.765895,301.42,0.61,0.71,2020-12-06,"0100","N","VIIRS","n",1,273.03,2.11,"0",2,2020,12,4
"640",51.564873,-3.765803,316.05,0.61,0.71,2020-12-06,"0100","N","VIIRS","n",1,274.77,2.34,"0",3,2020,12,4
"641",51.563679,-3.763629,320.8,0.47,0.4,2020-12-06,"0242","N","VIIRS","n",1,275.15,2.75,"0",2,2020,12,4
"642",51.568565,-3.768344,316.85,0.47,0.4,2020-12-06,"0242","N","VIIRS","n",1,275.23,2.75,"0",2,2020,12,4
"643",51.396523,-3.392649,296.52,0.49,0.4,2020-12-06,"0242","N","VIIRS","n",1,272.91,0.9,"0",0,2020,12,4
"644",51.572079,-3.766454,299,0.47,0.4,2020-12-06,"0242","N","VIIRS","n",1,272.41,0.88,"0",2,2020,12,4
"645",51.685001,-5.028698,295.07,0.44,0.38,2020-12-06,"0242","N","VIIRS","n",1,280.84,1.14,"0",2,2020,12,4
"646",53.568501,-0.59595,324.09,0.71,0.75,2020-12-07,"0042","N","VIIRS","n",1,272.43,4.6,"0",2,2020,12,4
"647",53.571987,-0.597008,303.19,0.71,0.75,2020-12-07,"0042","N","VIIRS","n",1,270.83,2.67,"0",3,2020,12,4
"648",53.564926,-0.596348,315.09,0.71,0.75,2020-12-07,"0042","N","VIIRS","n",1,271.52,2.67,"0",3,2020,12,4
"649",51.575947,-3.773295,332.41,0.39,0.36,2020-12-07,"0224","N","VIIRS","n",1,278.56,5.19,"0",2,2020,12,4
"650",51.560249,-3.762446,309.05,0.39,0.36,2020-12-07,"0224","N","VIIRS","n",1,275.16,0.89,"0",2,2020,12,4
"651",53.567253,-0.594029,324.4,0.41,0.37,2020-12-07,"0224","N","VIIRS","n",1,274.51,1.56,"0",2,2020,12,4
"652",53.58593,-0.616995,300.29,0.41,0.37,2020-12-07,"0224","N","VIIRS","n",1,273.91,1.14,"0",3,2020,12,4
"653",51.68375,-5.028059,298.89,0.38,0.36,2020-12-07,"0224","N","VIIRS","n",1,281.04,1.19,"0",0,2020,12,4
"654",53.563965,-0.595757,312.89,0.41,0.37,2020-12-07,"0224","N","VIIRS","n",1,271.78,1.56,"0",2,2020,12,4
"655",53.568356,-0.599978,299.07,0.41,0.37,2020-12-07,"0224","N","VIIRS","n",1,272.94,2.73,"0",3,2020,12,4
"656",51.579193,-3.771909,304.9,0.39,0.36,2020-12-07,"0224","N","VIIRS","n",1,276.56,0.95,"0",0,2020,12,4
"657",51.561916,-3.764575,317.62,0.61,0.71,2020-12-08,"0348","N","VIIRS","n",1,274.29,3.45,"0",2,2020,12,4
"658",51.482399,-3.135258,295.8,0.39,0.44,2020-12-09,"0148","N","VIIRS","n",1,274.45,0.58,"0",3,2020,12,4
"659",51.397964,-3.393131,299.02,0.4,0.44,2020-12-09,"0148","N","VIIRS","n",1,276.55,0.71,"0",2,2020,12,4
"660",51.478367,-3.136164,301.39,0.39,0.44,2020-12-09,"0148","N","VIIRS","n",1,276.47,0.58,"0",3,2020,12,4
"661",51.560776,-3.761528,295.85,0.41,0.6,2020-12-09,"0324","N","VIIRS","n",1,275.97,1.26,"0",0,2020,12,4
"662",60.46328,-1.257089,296.92,0.48,0.48,2020-12-09,"0324","N","VIIRS","n",1,275.27,1.12,"0",0,2020,12,4
"663",51.577732,-3.774634,306.09,0.4,0.6,2020-12-09,"0324","N","VIIRS","n",1,277.2,1.54,"0",2,2020,12,4
"664",60.462208,-1.257628,297.35,0.53,0.42,2020-12-10,"0306","N","VIIRS","n",1,276.1,0.54,"0",0,2020,12,4
"665",51.559628,-3.76553,300.24,0.52,0.67,2020-12-11,"0106","N","VIIRS","n",1,273.26,2.11,"0",2,2020,12,4
"666",51.563381,-3.765366,297.64,0.52,0.67,2020-12-11,"0106","N","VIIRS","n",1,274.14,1.84,"0",3,2020,12,4
"667",51.396854,-3.397777,296.69,0.55,0.43,2020-12-11,"0248","N","VIIRS","n",1,279.03,0.77,"0",0,2020,12,4
"668",51.578602,-3.774271,303.91,0.53,0.42,2020-12-11,"0248","N","VIIRS","n",1,274.75,2.11,"0",2,2020,12,4
"669",51.397446,-3.395234,297.43,0.55,0.43,2020-12-11,"0248","N","VIIRS","n",1,279.56,1.17,"0",2,2020,12,4
"670",53.448502,-1.323389,327.87,0.39,0.36,2020-12-13,"0212","N","VIIRS","n",1,274.64,4.42,"0",2,2020,12,4
"671",53.56628,-0.594596,331.94,0.38,0.36,2020-12-13,"0212","N","VIIRS","n",1,278.82,3.4,"0",2,2020,12,4
"672",53.569523,-0.593157,313.09,0.38,0.36,2020-12-13,"0212","N","VIIRS","n",1,277.11,1.51,"0",3,2020,12,4
"673",53.586956,-0.615897,308.38,0.38,0.36,2020-12-13,"0212","N","VIIRS","n",1,278.38,1.14,"0",3,2020,12,4
"674",53.338799,-1.753753,296.25,0.39,0.36,2020-12-13,"0212","N","VIIRS","n",1,269.22,0.74,"0",2,2020,12,4
"675",53.567177,-0.600293,342.2,0.38,0.36,2020-12-13,"0212","N","VIIRS","n",1,280.62,3.4,"0",2,2020,12,4
"676",53.563931,-0.601731,313.94,0.38,0.36,2020-12-13,"0212","N","VIIRS","n",1,274.22,3.4,"0",2,2020,12,4
"677",53.630108,-0.24445,295.14,0.74,0.76,2020-12-13,"0348","N","VIIRS","n",1,275.58,2.37,"0",2,2020,12,4
"678",53.635117,-0.24351,298.78,0.44,0.38,2020-12-14,"0154","N","VIIRS","n",1,273.57,1.76,"0",2,2020,12,4
"679",53.569073,-0.599944,300.58,0.45,0.39,2020-12-14,"0154","N","VIIRS","n",1,275,1.8,"0",3,2020,12,4
"680",54.595459,-1.269814,296.59,0.48,0.4,2020-12-14,"0154","N","VIIRS","n",1,279.92,0.8,"0",0,2020,12,4
"681",54.59626,-1.277263,297.45,0.48,0.4,2020-12-14,"0154","N","VIIRS","n",1,278.88,0.99,"0",0,2020,12,4
"682",53.564732,-0.594279,307.99,0.45,0.39,2020-12-14,"0154","N","VIIRS","n",1,277.59,1.8,"0",3,2020,12,4
"683",53.566177,-0.59421,305.45,0.45,0.39,2020-12-14,"0154","N","VIIRS","n",1,277.73,1.41,"0",2,2020,12,4
"684",53.572041,-0.613468,332.99,0.45,0.39,2020-12-14,"0154","N","VIIRS","n",1,272.26,6.03,"0",3,2020,12,4
"685",53.566956,-0.601044,305.56,0.45,0.39,2020-12-14,"0154","N","VIIRS","n",1,275.88,2.01,"0",2,2020,12,4
"686",53.633606,-0.244748,302.47,0.44,0.38,2020-12-14,"0154","N","VIIRS","n",1,274.51,1.09,"0",2,2020,12,4
"687",53.635719,-0.243395,300.89,0.42,0.45,2020-12-15,"0136","N","VIIRS","n",1,280.33,1.31,"0",2,2020,12,4
"688",53.564213,-0.59755,338.36,0.43,0.46,2020-12-15,"0136","N","VIIRS","n",1,278.13,5.2,"0",2,2020,12,4
"689",53.631535,-0.244336,300.77,0.42,0.45,2020-12-15,"0136","N","VIIRS","n",1,279.48,1.31,"0",2,2020,12,4
"690",51.559891,-3.75955,305.56,0.56,0.51,2020-12-15,"0136","N","VIIRS","n",1,277.42,3.53,"0",0,2020,12,4
"691",53.338757,-1.753671,304.55,0.48,0.48,2020-12-15,"0136","N","VIIRS","n",1,278.22,1.25,"0",2,2020,12,4
"692",51.560329,-3.767743,323.24,0.56,0.51,2020-12-15,"0136","N","VIIRS","n",1,278.66,3.53,"0",2,2020,12,4
"693",51.565105,-3.767036,303.52,0.56,0.51,2020-12-15,"0136","N","VIIRS","n",1,278.09,1.72,"0",2,2020,12,4
"694",53.635502,-0.244383,307.37,0.42,0.45,2020-12-15,"0136","N","VIIRS","n",1,281.43,1.12,"0",2,2020,12,4
"695",51.561924,-3.762222,321.94,0.61,0.54,2020-12-15,"0312","N","VIIRS","n",1,279.26,2.78,"0",2,2020,12,4
"696",53.634106,-0.242489,315.27,0.35,0.57,2020-12-15,"0312","N","VIIRS","n",1,281.22,2.09,"0",2,2020,12,4
"697",53.635441,-0.244124,295.56,0.35,0.57,2020-12-15,"0312","N","VIIRS","n",1,279.82,0.92,"0",2,2020,12,4
"698",51.557388,-3.765615,312.07,0.61,0.54,2020-12-15,"0312","N","VIIRS","n",1,277.6,2.78,"0",0,2020,12,4
"699",53.6339,-0.239171,305.09,0.35,0.57,2020-12-15,"0312","N","VIIRS","n",1,279.04,0.92,"0",2,2020,12,4
"700",53.566486,-0.597662,351.95,0.44,0.62,2020-12-15,"1124","N","VIIRS","n",1,280.07,6.39,"1",3,2020,12,4
"701",51.576145,-3.776292,328.2,0.4,0.37,2020-12-15,"1300","N","VIIRS","n",1,285.16,3.48,"1",2,2020,12,4
"702",51.560097,-3.764826,328.61,0.4,0.37,2020-12-15,"1300","N","VIIRS","n",1,283.36,3.4,"1",3,2020,12,4
"703",53.448044,-1.325537,308.25,0.56,0.69,2020-12-17,"0054","N","VIIRS","n",1,275.46,2.03,"0",2,2020,12,4
"704",53.568932,-0.597512,320.8,0.53,0.67,2020-12-17,"0054","N","VIIRS","n",1,276.85,4.31,"0",3,2020,12,4
"705",53.575165,-0.61422,305.74,0.53,0.67,2020-12-17,"0054","N","VIIRS","n",1,275.54,1.13,"0",2,2020,12,4
"706",53.568863,-0.61425,301.34,0.53,0.67,2020-12-17,"0054","N","VIIRS","n",1,274.37,1.13,"0",0,2020,12,4
"707",53.562634,-0.597439,297.9,0.53,0.67,2020-12-17,"0054","N","VIIRS","n",1,274.6,1.14,"0",2,2020,12,4
"708",53.571365,-0.617312,308.46,0.53,0.67,2020-12-17,"0054","N","VIIRS","n",1,274.33,2.31,"0",3,2020,12,4
"709",51.558548,-3.763458,297.17,0.43,0.38,2020-12-17,"0236","N","VIIRS","n",1,276.83,0.52,"0",0,2020,12,4
"710",50.830639,-1.365309,319.39,0.52,0.42,2020-12-17,"0236","N","VIIRS","n",1,282.36,2.4,"0",2,2020,12,4
"711",51.397152,-3.396489,304.51,0.44,0.39,2020-12-17,"0236","N","VIIRS","n",1,279.03,1.07,"0",2,2020,12,4
"712",53.567234,-0.589211,325.97,0.48,0.4,2020-12-17,"0236","N","VIIRS","n",1,276.51,3.06,"0",0,2020,12,4
"713",53.568981,-0.589603,323.12,0.48,0.4,2020-12-17,"0236","N","VIIRS","n",1,275.93,2.64,"0",3,2020,12,4
"714",53.635548,-0.244083,306.89,0.49,0.41,2020-12-17,"0236","N","VIIRS","n",1,280.28,1.8,"0",2,2020,12,4
"715",53.565464,-0.591713,326.9,0.48,0.4,2020-12-17,"0236","N","VIIRS","n",1,276.57,2.64,"0",3,2020,12,4
"716",53.566963,-0.598627,319.89,0.48,0.4,2020-12-17,"0236","N","VIIRS","n",1,277.97,2.64,"0",3,2020,12,4
"717",53.565186,-0.59824,319.81,0.48,0.4,2020-12-17,"0236","N","VIIRS","n",1,276.48,3.05,"0",3,2020,12,4
"718",53.338879,-1.750865,301.88,0.45,0.39,2020-12-17,"0236","N","VIIRS","n",1,276.31,1.21,"0",0,2020,12,4
"719",56.001793,-3.68557,316.22,0.39,0.36,2020-12-17,"0236","N","VIIRS","n",1,275.28,1.09,"0",2,2020,12,4
"720",53.568707,-0.596119,309.62,0.48,0.4,2020-12-17,"0236","N","VIIRS","n",1,277.2,3.05,"0",3,2020,12,4
"721",53.632,-0.246267,298.43,0.49,0.41,2020-12-17,"0236","N","VIIRS","n",1,279.85,1.11,"0",2,2020,12,4
"722",53.448597,-1.321803,316.01,0.46,0.39,2020-12-17,"0236","N","VIIRS","n",1,276.6,1.86,"0",2,2020,12,4
"723",53.565102,-0.595512,329.82,0.4,0.37,2020-12-17,"1224","N","VIIRS","n",1,281.23,6.13,"1",2,2020,12,4
"724",53.56945,-0.591235,327.54,0.4,0.37,2020-12-17,"1224","N","VIIRS","n",1,280.3,2.17,"1",2,2020,12,4
"725",53.634377,-0.245025,325.85,0.4,0.37,2020-12-17,"1224","N","VIIRS","n",1,286.38,2.71,"1",2,2020,12,4
"726",56.00341,-3.687528,330.76,0.43,0.38,2020-12-17,"1224","N","VIIRS","n",1,279.79,3.86,"1",2,2020,12,4
"727",51.571442,-3.76771,307.88,0.53,0.67,2020-12-19,"0342","N","VIIRS","n",1,274.54,2.28,"0",2,2020,12,4
"728",53.56842,-0.597814,319.55,0.57,0.43,2020-12-20,"0142","N","VIIRS","n",1,278.41,1.75,"0",2,2020,12,4
"729",53.564445,-0.598823,297.47,0.57,0.43,2020-12-20,"0142","N","VIIRS","n",1,276.62,1.75,"0",2,2020,12,4
"730",53.567638,-0.589023,307.5,0.57,0.43,2020-12-20,"0142","N","VIIRS","n",1,276.54,1.75,"0",0,2020,12,4
"731",53.635113,-0.24412,302.72,0.55,0.43,2020-12-20,"0142","N","VIIRS","n",1,280.53,2.02,"0",2,2020,12,4
"732",53.586617,-0.619641,296.25,0.57,0.43,2020-12-20,"0142","N","VIIRS","n",1,276.87,1.1,"0",3,2020,12,4
"733",53.634342,-0.245698,295.26,0.4,0.6,2020-12-20,"0318","N","VIIRS","n",1,281.42,0.82,"0",2,2020,12,4
"734",51.560921,-3.765008,320.93,0.35,0.57,2020-12-20,"0318","N","VIIRS","n",1,278.86,1.04,"0",2,2020,12,4
"735",53.568123,-0.603056,299.95,0.39,0.6,2020-12-20,"0318","N","VIIRS","n",1,275.71,1.32,"0",3,2020,12,4
"736",53.566784,-0.601607,300.45,0.39,0.6,2020-12-20,"0318","N","VIIRS","n",1,276.13,0.58,"0",2,2020,12,4
"737",53.569954,-0.5919,299.61,0.39,0.6,2020-12-20,"0318","N","VIIRS","n",1,275.76,0.96,"0",3,2020,12,4
"738",53.56638,-0.597708,298.21,0.39,0.6,2020-12-20,"0318","N","VIIRS","n",1,277.01,1.82,"0",3,2020,12,4
"739",53.585457,-0.619486,305.6,0.39,0.6,2020-12-20,"0318","N","VIIRS","n",1,276.25,1.22,"0",3,2020,12,4
"740",53.584908,-0.615586,295.33,0.39,0.6,2020-12-20,"0318","N","VIIRS","n",1,275.54,1.16,"0",3,2020,12,4
"741",51.567127,-3.765949,306.98,0.35,0.57,2020-12-20,"0318","N","VIIRS","n",1,278.88,1.68,"0",2,2020,12,4
"742",53.6325,-0.240129,299.13,0.4,0.6,2020-12-20,"0318","N","VIIRS","n",1,277.98,0.82,"0",2,2020,12,4
"743",53.565041,-0.596349,295.55,0.39,0.6,2020-12-20,"0318","N","VIIRS","n",1,276.31,0.58,"0",2,2020,12,4
"744",51.559483,-3.760268,295.54,0.35,0.57,2020-12-20,"0318","N","VIIRS","n",1,277.48,1.04,"0",0,2020,12,4
"745",51.575806,-3.772897,304.3,0.47,0.4,2020-12-22,"0242","N","VIIRS","n",1,278.14,1.35,"0",2,2020,12,4
"746",51.56741,-3.770084,307.26,0.47,0.4,2020-12-22,"0242","N","VIIRS","n",1,278.29,1.54,"0",3,2020,12,4
"747",51.562511,-3.765369,311.4,0.47,0.4,2020-12-22,"0242","N","VIIRS","n",1,278.36,1.96,"0",2,2020,12,4
"748",53.567852,-0.595478,338.33,0.39,0.36,2020-12-24,"0206","N","VIIRS","n",1,275.64,2.59,"0",3,2020,12,4
"749",53.588486,-0.618065,306.42,0.39,0.36,2020-12-24,"0206","N","VIIRS","n",1,277.27,1.68,"0",3,2020,12,4
"750",53.568691,-0.601339,315.1,0.39,0.36,2020-12-24,"0206","N","VIIRS","n",1,274.2,2.59,"0",3,2020,12,4
"751",53.564568,-0.596817,316.26,0.39,0.36,2020-12-24,"0206","N","VIIRS","n",1,269.7,1.19,"0",2,2020,12,4
"752",53.337936,-1.755221,307.99,0.4,0.37,2020-12-24,"0206","N","VIIRS","n",1,276.29,1.2,"0",2,2020,12,4
"753",53.565399,-0.602672,299.91,0.39,0.36,2020-12-24,"0206","N","VIIRS","n",1,272.39,1.19,"0",2,2020,12,4
"754",53.568943,-0.601296,316.74,0.65,0.73,2020-12-24,"0342","N","VIIRS","n",1,274.07,3.93,"0",3,2020,12,4
"755",53.56562,-0.593065,305.21,0.65,0.73,2020-12-24,"0342","N","VIIRS","n",1,274.25,2.46,"0",2,2020,12,4
"756",53.633392,-0.242564,301.9,0.66,0.73,2020-12-24,"0342","N","VIIRS","n",1,278.36,2.45,"0",2,2020,12,4
"757",53.633789,-0.236855,295.58,0.66,0.73,2020-12-24,"0342","N","VIIRS","n",1,275.91,1.57,"0",0,2020,12,4
"758",51.683434,-5.029478,296.05,0.46,0.47,2020-12-25,"0148","N","VIIRS","n",1,279.59,1.29,"0",2,2020,12,4
"759",53.632603,-0.244121,303.76,0.49,0.4,2020-12-25,"0148","N","VIIRS","n",1,277.63,1.6,"0",2,2020,12,4
"760",51.397079,-3.393546,302.76,0.4,0.44,2020-12-25,"0148","N","VIIRS","n",1,274.14,0.75,"0",2,2020,12,4
"761",51.568367,-3.768813,299.31,0.41,0.45,2020-12-25,"0148","N","VIIRS","n",1,268.76,1.49,"0",2,2020,12,4
"762",53.569283,-0.601052,301.2,0.5,0.41,2020-12-25,"0148","N","VIIRS","n",1,269.19,1.78,"0",3,2020,12,4
"763",53.565544,-0.602138,312.1,0.5,0.41,2020-12-25,"0148","N","VIIRS","n",1,270.42,1.78,"0",3,2020,12,4
"764",53.56477,-0.594491,326.67,0.5,0.41,2020-12-25,"0148","N","VIIRS","n",1,270.13,2.09,"0",2,2020,12,4
"765",51.683968,-5.028773,295.66,0.46,0.47,2020-12-25,"0148","N","VIIRS","n",1,279.88,1.18,"0",2,2020,12,4
"766",53.564423,-0.599757,314.91,0.45,0.63,2020-12-25,"0324","N","VIIRS","n",1,272.06,2.08,"0",2,2020,12,4
"767",53.566502,-0.605771,307.5,0.45,0.63,2020-12-25,"0324","N","VIIRS","n",1,270.72,3.44,"0",3,2020,12,4
"768",53.569534,-0.594829,314.52,0.45,0.63,2020-12-25,"0324","N","VIIRS","n",1,272.62,2.08,"0",2,2020,12,4
"769",53.565231,-0.599021,327.18,0.34,0.56,2020-12-25,"1136","N","VIIRS","n",1,268.99,3.05,"1",3,2020,12,4
"770",53.566917,-0.594815,327.76,0.45,0.47,2020-12-25,"1318","N","VIIRS","n",1,277.17,5.01,"1",2,2020,12,4
"771",53.568203,-0.591541,335.63,0.38,0.36,2020-12-27,"1236","N","VIIRS","n",1,276.85,7.14,"1",2,2020,12,4
"772",51.568455,-3.770748,328.65,0.42,0.38,2020-12-27,"1236","N","VIIRS","n",1,278.44,4.87,"1",2,2020,12,4
"773",53.565735,-0.591394,306.67,0.61,0.71,2020-12-28,"0048","N","VIIRS","n",1,270.5,2.4,"0",0,2020,12,4
"774",53.567917,-0.598398,328.79,0.61,0.71,2020-12-28,"0048","N","VIIRS","n",1,272.92,4.43,"0",3,2020,12,4
"775",53.565567,-0.601508,315.04,0.61,0.71,2020-12-28,"0048","N","VIIRS","n",1,271.61,2.4,"0",2,2020,12,4
"776",53.633587,-0.24023,309.87,0.45,0.39,2020-12-28,"0230","N","VIIRS","n",1,275.85,1.17,"0",2,2020,12,4
"777",53.634918,-0.246765,297.99,0.45,0.39,2020-12-28,"0230","N","VIIRS","n",1,278.43,1.17,"0",2,2020,12,4
"778",53.56628,-0.595352,332.26,0.44,0.38,2020-12-28,"0230","N","VIIRS","n",1,275.07,4.05,"0",2,2020,12,4
"779",53.569668,-0.593433,326.22,0.44,0.38,2020-12-28,"0230","N","VIIRS","n",1,274.62,2.68,"0",2,2020,12,4
"780",53.567135,-0.594268,329.56,0.44,0.38,2020-12-28,"0230","N","VIIRS","n",1,274.82,3.68,"0",2,2020,12,4
"781",53.563744,-0.596171,326.29,0.44,0.38,2020-12-28,"0230","N","VIIRS","n",1,271.68,3.68,"0",2,2020,12,4
"782",53.339542,-1.750635,299.43,0.39,0.36,2020-12-29,"0212","N","VIIRS","n",1,268.53,0.75,"0",2,2020,12,4
"783",51.480015,-3.139548,296.02,0.39,0.36,2020-12-29,"0212","N","VIIRS","n",1,267.84,0.72,"0",3,2020,12,4
"784",53.336269,-1.75196,295.29,0.39,0.36,2020-12-29,"0212","N","VIIRS","n",1,267.46,0.75,"0",2,2020,12,4
"785",53.570648,-0.600538,298.21,0.45,0.39,2020-12-30,"0154","N","VIIRS","n",1,270.83,0.99,"0",3,2020,12,4
"786",53.587154,-0.616183,301.55,0.45,0.39,2020-12-30,"0154","N","VIIRS","n",1,272.34,1.03,"0",3,2020,12,4
"787",53.569862,-0.593727,307.93,0.45,0.39,2020-12-30,"0154","N","VIIRS","n",1,271.75,0.9,"0",3,2020,12,4
"788",53.567108,-0.601701,329.98,0.45,0.39,2020-12-30,"0154","N","VIIRS","n",1,273.73,4.4,"0",2,2020,12,4
"789",53.633553,-0.245992,302.79,0.44,0.38,2020-12-30,"0154","N","VIIRS","n",1,278.2,1.64,"0",2,2020,12,4
"790",53.566322,-0.594884,315.94,0.45,0.39,2020-12-30,"0154","N","VIIRS","n",1,274.46,1.96,"0",2,2020,12,4
"791",51.564255,-3.764954,307.32,0.56,0.51,2020-12-31,"0136","N","VIIRS","n",1,273.7,3.57,"0",2,2020,12,4
"792",53.634602,-0.241553,298.51,0.42,0.45,2020-12-31,"0136","N","VIIRS","n",1,273.82,1.45,"0",2,2020,12,4
"793",53.340656,-1.754144,299.28,0.48,0.48,2020-12-31,"0136","N","VIIRS","n",1,271.24,1.45,"0",2,2020,12,4
"794",53.587105,-0.617348,301.42,0.43,0.46,2020-12-31,"0136","N","VIIRS","n",1,271.91,1.43,"0",3,2020,12,4
"795",53.568153,-0.594549,339.86,0.43,0.46,2020-12-31,"0136","N","VIIRS","n",1,274.13,2.23,"0",2,2020,12,4
"796",53.563911,-0.595476,304.05,0.43,0.46,2020-12-31,"0136","N","VIIRS","n",1,270.18,2.23,"0",2,2020,12,4
"797",53.568649,-0.601238,303.72,0.43,0.46,2020-12-31,"0136","N","VIIRS","n",1,270.61,2.23,"0",2,2020,12,4
"798",51.569023,-3.764244,315.63,0.56,0.51,2020-12-31,"0136","N","VIIRS","n",1,273.89,2.04,"0",2,2020,12,4
"799",51.569469,-3.772411,308.27,0.56,0.51,2020-12-31,"0136","N","VIIRS","n",1,273.49,3.09,"0",2,2020,12,4
"800",51.567421,-3.768357,306.18,0.61,0.54,2020-12-31,"0312","N","VIIRS","n",1,274.03,3.42,"0",3,2020,12,4
"801",51.560459,-3.763461,301.32,0.62,0.54,2020-12-31,"0312","N","VIIRS","n",1,271.98,2.26,"0",2,2020,12,4
"802",53.587894,-0.618211,295.48,0.35,0.56,2020-12-31,"0312","N","VIIRS","n",1,269.25,1.17,"0",3,2020,12,4
"803",51.565765,-3.765704,301.19,0.62,0.54,2020-12-31,"0312","N","VIIRS","n",1,273.55,2.75,"0",2,2020,12,4
"804",53.588757,-0.61693,302.79,0.35,0.56,2020-12-31,"0312","N","VIIRS","n",1,270.54,1.57,"0",3,2020,12,4
"805",51.558842,-3.760778,296.03,0.62,0.54,2020-12-31,"0312","N","VIIRS","n",1,271.73,1.54,"0",0,2020,12,4
"806",53.568253,-0.593041,322.95,0.35,0.56,2020-12-31,"0312","N","VIIRS","n",1,271.9,2.04,"0",2,2020,12,4
"807",53.633366,-0.244069,308.65,0.35,0.57,2020-12-31,"0312","N","VIIRS","n",1,275.69,1.79,"0",2,2020,12,4
"808",53.565014,-0.601818,318.24,0.35,0.56,2020-12-31,"0312","N","VIIRS","n",1,267.88,3.38,"0",3,2020,12,4
"809",53.563553,-0.59709,314.19,0.35,0.56,2020-12-31,"0312","N","VIIRS","n",1,269.33,2.04,"0",2,2020,12,4
"810",53.569698,-0.597735,326.51,0.35,0.56,2020-12-31,"0312","N","VIIRS","n",1,271.29,3.38,"0",3,2020,12,4
"811",53.565617,-0.598816,327.31,0.44,0.62,2020-12-31,"1124","N","VIIRS","n",1,276.38,5.79,"1",3,2020,12,4
"812",51.566818,-3.770493,330.13,0.4,0.37,2020-12-31,"1300","N","VIIRS","n",1,280.39,8.45,"1",3,2020,12,4
"813",53.569412,-0.602156,332.54,0.51,0.41,2020-12-31,"1306","N","VIIRS","n",1,276.03,4.69,"1",3,2020,12,4
"814",53.563866,-0.60014,326.63,0.51,0.41,2020-12-31,"1306","N","VIIRS","n",1,275.3,4,"1",2,2020,12,4
"815",53.566357,-0.593424,333.94,0.51,0.41,2020-12-31,"1306","N","VIIRS","n",1,276.65,8.6,"1",3,2020,12,4
"816",53.56562,-0.60114,326.86,0.51,0.41,2020-12-31,"1306","N","VIIRS","n",1,276.98,4.69,"1",3,2020,12,4
